ObsId,ProductId,LabelSource,BoulderLabel,TerrainNote,CenterLat,CenterLon_360,CenterLon_180,IncidenceAngle,EmissionAngle,CTX_TileName,BrowseURL,JP2_URL,LabelURL,QualityNote,OriginalNote,MapPixel_mpp,CenterSource,NPolygons,PrjSP1Corrected,IntegrityOK
ESP_017355_2260,ESP_017355_2260_RED,none,unknown,,45.8167,16.4724,16.4724,,,E016_N44,https://www.uahirise.org/ESP_017355_2260,https://hirise.lpl.arizona.edu/PDS/RDR/ESP/ORB_017300_017399/ESP_017355_2260/ESP_017355_2260_RED.JP2,https://hirise.lpl.arizona.edu/PDS/RDR/ESP/ORB_017300_017399/ESP_017355_2260/ESP_017355_2260_RED.LBL,,,,pds_footprint,1105447,True,True
ESP_042964_2160,ESP_042964_2160_RED,spreadsheet,Boulder rich,,35.8165,353.1509,-6.8491,,,W008_N32,https://www.uahirise.org/ESP_042964_2160,https://hirise.lpl.arizona.edu/PDS/RDR/ESP/ORB_042900_042999/ESP_042964_2160/ESP_042964_2160_RED.JP2,https://hirise.lpl.arizona.edu/PDS/RDR/ESP/ORB_042900_042999/ESP_042964_2160/ESP_042964_2160_RED.LBL,"Some Clear, Some Buried",HIVIEW. Plains. Large swath of consistent boulders.,0.25,pds_footprint,34237,True,True
ESP_045139_2270,ESP_045139_2270_RED,spreadsheet,Boulder rich,,46.4421,13.3678,13.3678,,,E012_N44,https://www.uahirise.org/ESP_045139_2270,https://hirise.lpl.arizona.edu/PDS/RDR/ESP/ORB_045100_045199/ESP_045139_2270/ESP_045139_2270_RED.JP2,https://hirise.lpl.arizona.edu/PDS/RDR/ESP/ORB_045100_045199/ESP_045139_2270/ESP_045139_2270_RED.LBL,"Some Clear, Some Buried",Plains. Ubiquitous boulders of all kinds.,0.5,pds_footprint,243679,True,True
ESP_045390_2215,ESP_045390_2215_RED,spreadsheet,Boulder rich,,42.0779,6.3755,6.3755,,,E004_N40,https://www.uahirise.org/ESP_045390_2215,https://hirise.lpl.arizona.edu/PDS/RDR/ESP/ORB_045300_045399/ESP_045390_2215/ESP_045390_2215_RED.JP2,https://hirise.lpl.arizona.edu/PDS/RDR/ESP/ORB_045300_045399/ESP_045390_2215/ESP_045390_2215_RED.LBL,Clear Boulders,"Mesas. Heavily eroded, many boulders in bottom half",0.5,pds_footprint,20456,True,True
ESP_045550_2180,ESP_045550_2180_RED,spreadsheet,Boulder rich,,37.4441,317.6231,-42.3769,,,W044_N36,https://www.uahirise.org/ESP_045550_2180,https://hirise.lpl.arizona.edu/PDS/RDR/ESP/ORB_045500_045599/ESP_045550_2180/ESP_045550_2180_RED.JP2,https://hirise.lpl.arizona.edu/PDS/RDR/ESP/ORB_045500_045599/ESP_045550_2180/ESP_045550_2180_RED.LBL,"Some Clear, Some Buried",Plains. Many boulders.,0.25,pds_footprint,326636,True,True
ESP_045878_2235,ESP_045878_2235_RED,spreadsheet,Boulder rich,,43.2971,4.7797,4.7797,,,E004_N40,https://www.uahirise.org/ESP_045878_2235,https://hirise.lpl.arizona.edu/PDS/RDR/ESP/ORB_045800_045899/ESP_045878_2235/ESP_045878_2235_RED.JP2,https://hirise.lpl.arizona.edu/PDS/RDR/ESP/ORB_045800_045899/ESP_045878_2235/ESP_045878_2235_RED.LBL,Clear Boulders,Plains. Excellent boulders,0.5,pds_footprint,21483,True,True
ESP_045983_2270,ESP_045983_2270_RED,spreadsheet,Boulder rich,,46.8808,14.2737,14.2737,,,E012_N44,https://www.uahirise.org/ESP_045983_2270,https://hirise.lpl.arizona.edu/PDS/RDR/ESP/ORB_045900_045999/ESP_045983_2270/ESP_045983_2270_RED.JP2,https://hirise.lpl.arizona.edu/PDS/RDR/ESP/ORB_045900_045999/ESP_045983_2270/ESP_045983_2270_RED.LBL,"Some Clear, Some Buried",Plains. Consistent but many buried boulders.,0.25,pds_footprint,99740,True,True
ESP_046328_2180,ESP_046328_2180_RED,spreadsheet,Boulder rich,,37.6448,316.2324,-43.7676,,,W044_N36,https://www.uahirise.org/ESP_046328_2180,https://hirise.lpl.arizona.edu/PDS/RDR/ESP/ORB_046300_046399/ESP_046328_2180/ESP_046328_2180_RED.JP2,https://hirise.lpl.arizona.edu/PDS/RDR/ESP/ORB_046300_046399/ESP_046328_2180/ESP_046328_2180_RED.LBL,Clear Boulders,Craters. Plains. Sparser but consistent boulders. ,0.25,pds_footprint,138373,True,True
ESP_046803_2325,ESP_046803_2325_RED,spreadsheet,Boulder rich,,52.3345,305.8672,-54.1328,,,W056_N52,https://www.uahirise.org/ESP_046803_2325,https://hirise.lpl.arizona.edu/PDS/RDR/ESP/ORB_046800_046899/ESP_046803_2325/ESP_046803_2325_RED.JP2,https://hirise.lpl.arizona.edu/PDS/RDR/ESP/ORB_046800_046899/ESP_046803_2325/ESP_046803_2325_RED.LBL,Clear Boulders,Plains. excellent (around heavily eroded crater),0.25,pds_footprint,658290,True,True
ESP_046959_2225,ESP_046959_2225_RED,spreadsheet,Boulder rich,,42.1369,8.632,8.632,,,E008_N40,https://www.uahirise.org/ESP_046959_2225,https://hirise.lpl.arizona.edu/PDS/RDR/ESP/ORB_046900_046999/ESP_046959_2225/ESP_046959_2225_RED.JP2,https://hirise.lpl.arizona.edu/PDS/RDR/ESP/ORB_046900_046999/ESP_046959_2225/ESP_046959_2225_RED.LBL,Clear Boulders,Mesas. Tons of good boulders. Boulder rich. Deposit!,0.5,pds_footprint,73931,True,True
ESP_047976_2020,ESP_047976_2020_RED,spreadsheet,Boulder rich,,21.7662,323.5641,-36.4359,,,W040_N20,https://www.uahirise.org/ESP_047976_2020,https://hirise.lpl.arizona.edu/PDS/RDR/ESP/ORB_047900_047999/ESP_047976_2020/ESP_047976_2020_RED.JP2,https://hirise.lpl.arizona.edu/PDS/RDR/ESP/ORB_047900_047999/ESP_047976_2020/ESP_047976_2020_RED.LBL,Clear Boulders,Some good boulders around the mesa (just smaller),0.25,pds_footprint,14835,True,True
ESP_048688_2085,ESP_048688_2085_RED,spreadsheet,Boulder rich,,28.4107,320.8404,-39.1596,,,W040_N28,https://www.uahirise.org/ESP_048688_2085,https://hirise.lpl.arizona.edu/PDS/RDR/ESP/ORB_048600_048699/ESP_048688_2085/ESP_048688_2085_RED.JP2,https://hirise.lpl.arizona.edu/PDS/RDR/ESP/ORB_048600_048699/ESP_048688_2085/ESP_048688_2085_RED.LBL,Clear Boulders,Crater. Plains. Good bouders ubiquitous.,0.25,pds_footprint,42235,True,True
ESP_049242_2115,ESP_049242_2115_RED,spreadsheet,Boulder rich,,31.2686,316.7735,-43.2265,,,W044_N28,https://www.uahirise.org/ESP_049242_2115,https://hirise.lpl.arizona.edu/PDS/RDR/ESP/ORB_049200_049299/ESP_049242_2115/ESP_049242_2115_RED.JP2,https://hirise.lpl.arizona.edu/PDS/RDR/ESP/ORB_049200_049299/ESP_049242_2115/ESP_049242_2115_RED.LBL,Clear Boulders,Crater. Lots of boulders all over. ,0.5,pds_footprint,41626,True,True
ESP_051943_2270,ESP_051943_2270_RED,spreadsheet,Boulder rich,,46.8398,12.953,12.953,,,E012_N44,https://www.uahirise.org/ESP_051943_2270,https://hirise.lpl.arizona.edu/PDS/RDR/ESP/ORB_051900_051999/ESP_051943_2270/ESP_051943_2270_RED.JP2,https://hirise.lpl.arizona.edu/PDS/RDR/ESP/ORB_051900_051999/ESP_051943_2270/ESP_051943_2270_RED.LBL,Clear Boulders,Mesas. Common pockets of boulders. Good on mesas and craters. ,0.5,pds_footprint,14744,True,True
ESP_052576_2250,ESP_052576_2250_RED,spreadsheet,Boulder rich,,44.6353,11.3019,11.3019,,,E008_N44,https://www.uahirise.org/ESP_052576_2250,https://hirise.lpl.arizona.edu/PDS/RDR/ESP/ORB_052500_052599/ESP_052576_2250/ESP_052576_2250_RED.JP2,https://hirise.lpl.arizona.edu/PDS/RDR/ESP/ORB_052500_052599/ESP_052576_2250/ESP_052576_2250_RED.LBL,Clear Boulders,lots of good boulders. deposit on left side. ,0.5,pds_footprint,79362,True,True
ESP_053989_2260,ESP_053989_2260_RED,spreadsheet,Boulder rich,,45.4149,313.1303,-46.8697,,,W048_N44,https://www.uahirise.org/ESP_053989_2260,https://hirise.lpl.arizona.edu/PDS/RDR/ESP/ORB_053900_053999/ESP_053989_2260/ESP_053989_2260_RED.JP2,https://hirise.lpl.arizona.edu/PDS/RDR/ESP/ORB_053900_053999/ESP_053989_2260/ESP_053989_2260_RED.LBL,Clear Boulders,Plains. Deposit! Pretty small,0.5,pds_footprint,306621,True,True
ESP_054000_2255,ESP_054000_2255_RED,spreadsheet,Boulder rich,,45.3453,12.4955,12.4955,,,E012_N44,https://www.uahirise.org/ESP_054000_2255,https://hirise.lpl.arizona.edu/PDS/RDR/ESP/ORB_054000_054099/ESP_054000_2255/ESP_054000_2255_RED.JP2,https://hirise.lpl.arizona.edu/PDS/RDR/ESP/ORB_054000_054099/ESP_054000_2255/ESP_054000_2255_RED.LBL,Clear Boulders,Channels. Common throughout - 50/50?,0.5,pds_footprint,36686,True,True
ESP_054134_2265,ESP_054134_2265_RED,spreadsheet,Boulder rich,,46.3244,312.1197,-47.8803,,,W048_N44,https://www.uahirise.org/ESP_054134_2265,https://hirise.lpl.arizona.edu/PDS/RDR/ESP/ORB_054100_054199/ESP_054134_2265/ESP_054134_2265_RED.JP2,https://hirise.lpl.arizona.edu/PDS/RDR/ESP/ORB_054100_054199/ESP_054134_2265/ESP_054134_2265_RED.LBL,Clear Boulders,HIVIEW. Hills. Tons of boulders. ,0.5,pds_footprint,413855,True,True
ESP_054397_2105,ESP_054397_2105_RED,spreadsheet,Boulder rich,,30.4262,335.463,-24.537,,,W028_N28,https://www.uahirise.org/ESP_054397_2105,https://hirise.lpl.arizona.edu/PDS/RDR/ESP/ORB_054300_054399/ESP_054397_2105/ESP_054397_2105_RED.JP2,https://hirise.lpl.arizona.edu/PDS/RDR/ESP/ORB_054300_054399/ESP_054397_2105/ESP_054397_2105_RED.LBL,"Some Clear, Some Buried","Plains. Bottom half boulder rich, top poor. Pretty small. ",0.5,pds_footprint,18632,True,True
ESP_054622_2240,ESP_054622_2240_RED,spreadsheet,Boulder rich,,43.5221,310.8346,-49.1654,,,W052_N40,https://www.uahirise.org/ESP_054622_2240,https://hirise.lpl.arizona.edu/PDS/RDR/ESP/ORB_054600_054699/ESP_054622_2240/ESP_054622_2240_RED.JP2,https://hirise.lpl.arizona.edu/PDS/RDR/ESP/ORB_054600_054699/ESP_054622_2240/ESP_054622_2240_RED.LBL,Clear Boulders,Plains. Clear and ubiquitous boulders.,0.5,pds_footprint,416793,True,True
ESP_055017_2055,ESP_055017_2055_RED,spreadsheet,Boulder rich,,25.3184,330.1119,-29.8881,,,W032_N24,https://www.uahirise.org/ESP_055017_2055,https://hirise.lpl.arizona.edu/PDS/RDR/ESP/ORB_055000_055099/ESP_055017_2055/ESP_055017_2055_RED.JP2,https://hirise.lpl.arizona.edu/PDS/RDR/ESP/ORB_055000_055099/ESP_055017_2055/ESP_055017_2055_RED.LBL,Buried / Poor Boulders,HIVIEW. Plains. Very small but consistent boulders. ,0.5,pds_footprint,16730,True,True
ESP_055055_2255,ESP_055055_2255_RED,spreadsheet,Boulder rich,,44.996,9.8383,9.8383,,,E008_N44,https://www.uahirise.org/ESP_055055_2255,https://hirise.lpl.arizona.edu/PDS/RDR/ESP/ORB_055000_055099/ESP_055055_2255/ESP_055055_2255_RED.JP2,https://hirise.lpl.arizona.edu/PDS/RDR/ESP/ORB_055000_055099/ESP_055055_2255/ESP_055055_2255_RED.LBL,"Some Clear, Some Buried",Crater. Plains. Very small but consistent. Clear around craters. ,0.5,pds_footprint,22334,True,True
ESP_055253_2245,ESP_055253_2245_RED,spreadsheet,Boulder rich,,44.2081,4.7994,4.7994,,,E004_N44,https://www.uahirise.org/ESP_055253_2245,https://hirise.lpl.arizona.edu/PDS/RDR/ESP/ORB_055200_055299/ESP_055253_2245/ESP_055253_2245_RED.JP2,https://hirise.lpl.arizona.edu/PDS/RDR/ESP/ORB_055200_055299/ESP_055253_2245/ESP_055253_2245_RED.LBL,Clear Boulders,Plains. Excellent boulders,0.25,pds_footprint,47901,True,True
ESP_055690_2200,ESP_055690_2200_RED,spreadsheet,Boulder rich,,39.7411,317.3249,-42.6751,,,W044_N36,https://www.uahirise.org/ESP_055690_2200,https://hirise.lpl.arizona.edu/PDS/RDR/ESP/ORB_055600_055699/ESP_055690_2200/ESP_055690_2200_RED.JP2,https://hirise.lpl.arizona.edu/PDS/RDR/ESP/ORB_055600_055699/ESP_055690_2200/ESP_055690_2200_RED.LBL,"Some Clear, Some Buried",Plains. Boulder rich on bottom half. ,0.5,pds_footprint,26524,True,True
ESP_055978_2270,ESP_055978_2270_RED,spreadsheet,Boulder rich,,46.586,14.3131,14.3131,,,E012_N44,https://www.uahirise.org/ESP_055978_2270,https://hirise.lpl.arizona.edu/PDS/RDR/ESP/ORB_055900_055999/ESP_055978_2270/ESP_055978_2270_RED.JP2,https://hirise.lpl.arizona.edu/PDS/RDR/ESP/ORB_055900_055999/ESP_055978_2270/ESP_055978_2270_RED.LBL,Clear Boulders,really fine boulders but not great ,0.5,pds_footprint,9628,True,True
ESP_059421_2170,ESP_059421_2170_RED,spreadsheet,Boulder rich,,36.7427,350.1379,-9.8621,,,W012_N36,https://www.uahirise.org/ESP_059421_2170,https://hirise.lpl.arizona.edu/PDS/RDR/ESP/ORB_059400_059499/ESP_059421_2170/ESP_059421_2170_RED.JP2,https://hirise.lpl.arizona.edu/PDS/RDR/ESP/ORB_059400_059499/ESP_059421_2170/ESP_059421_2170_RED.LBL,"Some Clear, Some Buried","Plains. Craters. Boulder rich in top half, poor in bottom half. ",0.5,pds_footprint,20060,True,True
ESP_059686_2235,ESP_059686_2235_RED,spreadsheet,Boulder rich,,43.211,314.1306,-45.8694,,,W048_N40,https://www.uahirise.org/ESP_059686_2235,https://hirise.lpl.arizona.edu/PDS/RDR/ESP/ORB_059600_059699/ESP_059686_2235/ESP_059686_2235_RED.JP2,https://hirise.lpl.arizona.edu/PDS/RDR/ESP/ORB_059600_059699/ESP_059686_2235/ESP_059686_2235_RED.LBL,"Some Clear, Some Buried",Plains. Deposit! But all small boulders. ,0.5,pds_footprint,326530,True,True
ESP_063429_2240,ESP_063429_2240_RED,spreadsheet,Boulder rich,,43.6349,7.6306,7.6306,,,E004_N40,https://www.uahirise.org/ESP_063429_2240,https://hirise.lpl.arizona.edu/PDS/RDR/ESP/ORB_063400_063499/ESP_063429_2240/ESP_063429_2240_RED.JP2,https://hirise.lpl.arizona.edu/PDS/RDR/ESP/ORB_063400_063499/ESP_063429_2240/ESP_063429_2240_RED.LBL,Clear Boulders,"Crater. Heavily eroded, ubiquitous boulders. ",0.25,pds_footprint,253098,True,True
ESP_064510_2260,ESP_064510_2260_RED,spreadsheet,Boulder rich,,45.4293,14.081,14.081,,,E012_N44,https://www.uahirise.org/ESP_064510_2260,https://hirise.lpl.arizona.edu/PDS/RDR/ESP/ORB_064500_064599/ESP_064510_2260/ESP_064510_2260_RED.JP2,https://hirise.lpl.arizona.edu/PDS/RDR/ESP/ORB_064500_064599/ESP_064510_2260/ESP_064510_2260_RED.LBL,"Some Clear, Some Buried",Mesas. Eroded crater? Consistent boulders but small,0.5,pds_footprint,80918,True,True
ESP_066634_2210,ESP_066634_2210_RED,spreadsheet,Boulder rich,,40.5349,2.0273,2.0273,,,E000_N40,https://www.uahirise.org/ESP_066634_2210,https://hirise.lpl.arizona.edu/PDS/RDR/ESP/ORB_066600_066699/ESP_066634_2210/ESP_066634_2210_RED.JP2,https://hirise.lpl.arizona.edu/PDS/RDR/ESP/ORB_066600_066699/ESP_066634_2210/ESP_066634_2210_RED.LBL,"Some Clear, Some Buried",Plains. Excellent (smallish) boulders. Deposit! ,0.5,pds_footprint,78438,True,True
ESP_068402_2240,ESP_068402_2240_RED,spreadsheet,Boulder rich,,43.454,7.186,7.186,,,E004_N40,https://www.uahirise.org/ESP_068402_2240,https://hirise.lpl.arizona.edu/PDS/RDR/ESP/ORB_068400_068499/ESP_068402_2240/ESP_068402_2240_RED.JP2,https://hirise.lpl.arizona.edu/PDS/RDR/ESP/ORB_068400_068499/ESP_068402_2240/ESP_068402_2240_RED.LBL,Clear Boulders,Channels. Mesas. Pretty ubiquitous,0.5,pds_footprint,53182,True,True
ESP_068483_2280,ESP_068483_2280_RED,spreadsheet,Boulder rich,,47.4751,312.9775,-47.0225,,,W048_N44,https://www.uahirise.org/ESP_068483_2280,https://hirise.lpl.arizona.edu/PDS/RDR/ESP/ORB_068400_068499/ESP_068483_2280/ESP_068483_2280_RED.JP2,https://hirise.lpl.arizona.edu/PDS/RDR/ESP/ORB_068400_068499/ESP_068483_2280/ESP_068483_2280_RED.LBL,Clear Boulders,"Plains. some excellent, some buried ",0.25,pds_footprint,1057153,True,True
ESP_069669_2220,ESP_069669_2220_RED,spreadsheet,Boulder rich,,41.8156,0.747,0.747,,,E000_N40,https://www.uahirise.org/ESP_069669_2220,https://hirise.lpl.arizona.edu/PDS/RDR/ESP/ORB_069600_069699/ESP_069669_2220/ESP_069669_2220_RED.JP2,https://hirise.lpl.arizona.edu/PDS/RDR/ESP/ORB_069600_069699/ESP_069669_2220/ESP_069669_2220_RED.LBL,Clear Boulders,"Plains. Lots of good boulders, lots of buried boulders",0.25,pds_footprint,35238,False,True
ESP_069763_2235,ESP_069763_2235_RED,spreadsheet,Boulder rich,,43.1392,313.7534,-46.2466,,,W048_N40,https://www.uahirise.org/ESP_069763_2235,https://hirise.lpl.arizona.edu/PDS/RDR/ESP/ORB_069700_069799/ESP_069763_2235/ESP_069763_2235_RED.JP2,https://hirise.lpl.arizona.edu/PDS/RDR/ESP/ORB_069700_069799/ESP_069763_2235/ESP_069763_2235_RED.LBL,Clear Boulders,Plains. Deposit! ,0.5,pds_footprint,467079,False,True
ESP_071093_2210,ESP_071093_2210_RED,spreadsheet,Boulder rich,,40.7799,2.1704,2.1704,,,E000_N40,https://www.uahirise.org/ESP_071093_2210,https://hirise.lpl.arizona.edu/PDS/RDR/ESP/ORB_071000_071099/ESP_071093_2210/ESP_071093_2210_RED.JP2,https://hirise.lpl.arizona.edu/PDS/RDR/ESP/ORB_071000_071099/ESP_071093_2210/ESP_071093_2210_RED.LBL,Clear Boulders,Plains. Excellent boulders. Deposit!,0.25,pds_footprint,245506,False,True
ESP_071699_2260,ESP_071699_2260_RED,spreadsheet,Boulder rich,,45.4321,13.8128,13.8128,,,E012_N44,https://www.uahirise.org/ESP_071699_2260,https://hirise.lpl.arizona.edu/PDS/RDR/ESP/ORB_071600_071699/ESP_071699_2260/ESP_071699_2260_RED.JP2,https://hirise.lpl.arizona.edu/PDS/RDR/ESP/ORB_071600_071699/ESP_071699_2260/ESP_071699_2260_RED.LBL,Clear Boulders,"Craters. Top half boulder rich, bottom half boulder poor. ",0.5,pds_footprint,88201,False,True
ESP_076499_1160,ESP_076499_1160_RED,none,unknown,,-63.6964,22.2965,22.2965,,,E020_S64,https://www.uahirise.org/ESP_076499_1160,https://hirise.lpl.arizona.edu/PDS/RDR/ESP/ORB_076400_076499/ESP_076499_1160/ESP_076499_1160_RED.JP2,https://hirise.lpl.arizona.edu/PDS/RDR/ESP/ORB_076400_076499/ESP_076499_1160/ESP_076499_1160_RED.LBL,,,,pds_footprint,421183,False,True
ESP_076565_2215,ESP_076565_2215_RED,spreadsheet,Boulder rich,,41.3584,5.6278,5.6278,,,E004_N40,https://www.uahirise.org/ESP_076565_2215,https://hirise.lpl.arizona.edu/PDS/RDR/ESP/ORB_076500_076599/ESP_076565_2215/ESP_076565_2215_RED.JP2,https://hirise.lpl.arizona.edu/PDS/RDR/ESP/ORB_076500_076599/ESP_076565_2215/ESP_076565_2215_RED.LBL,Clear Boulders,HIVIEW. Crater. Plains. Consistent boulders. ,0.25,pds_footprint,56450,False,True
ESP_076723_2265,ESP_076723_2265_RED,spreadsheet,Boulder rich,,45.9535,13.3787,13.3787,,,E012_N44,https://www.uahirise.org/ESP_076723_2265,https://hirise.lpl.arizona.edu/PDS/RDR/ESP/ORB_076700_076799/ESP_076723_2265/ESP_076723_2265_RED.JP2,https://hirise.lpl.arizona.edu/PDS/RDR/ESP/ORB_076700_076799/ESP_076723_2265/ESP_076723_2265_RED.LBL,Clear Boulders,HIVIEW. Tons of boulders. Streamlined shapes,0.5,pds_footprint,231829,False,True
