PRODUCT_ID,VOLUME_ID,edr_url
B19_016999_2240_XN_44N343W,MROX_1042,https://planetarydata.jpl.nasa.gov/img/data/mro/ctx/mrox_1042/data/B19_016999_2240_XN_44N343W.IMG
P14_006635_2267_XN_46N343W,MROX_0341,https://planetarydata.jpl.nasa.gov/img/data/mro/ctx/mrox_0341/data/P14_006635_2267_XN_46N343W.IMG
B04_011277_2168_XN_36N006W,MROX_0732,https://planetarydata.jpl.nasa.gov/img/data/mro/ctx/mrox_0732/data/B04_011277_2168_XN_36N006W.IMG
P20_008864_2167_XN_36N007W,MROX_0607,https://planetarydata.jpl.nasa.gov/img/data/mro/ctx/mrox_0607/data/P20_008864_2167_XN_36N007W.IMG
J01_045139_2268_XI_46N346W,MROX_2515,https://planetarydata.jpl.nasa.gov/img/data/mro/ctx/mrox_2515/data/J01_045139_2268_XI_46N346W.IMG
F21_043992_2214_XI_41N353W,MROX_2466,https://planetarydata.jpl.nasa.gov/img/data/mro/ctx/mrox_2466/data/F21_043992_2214_XI_41N353W.IMG
F04_037242_2195_XI_39N042W,MROX_2199,https://planetarydata.jpl.nasa.gov/img/data/mro/ctx/mrox_2199/data/F04_037242_2195_XI_39N042W.IMG
G19_025559_2173_XN_37N042W,MROX_1483,https://planetarydata.jpl.nasa.gov/img/data/mro/ctx/mrox_1483/data/G19_025559_2173_XN_37N042W.IMG
J03_045878_2226_XI_42N355W,MROX_2566,https://planetarydata.jpl.nasa.gov/img/data/mro/ctx/mrox_2566/data/J03_045878_2226_XI_42N355W.IMG
B18_016643_2264_XI_46N345W,MROX_0985,https://planetarydata.jpl.nasa.gov/img/data/mro/ctx/mrox_0985/data/B18_016643_2264_XI_46N345W.IMG
D04_028735_2267_XI_46N346W,MROX_1733,https://planetarydata.jpl.nasa.gov/img/data/mro/ctx/mrox_1733/data/D04_028735_2267_XI_46N346W.IMG
F04_037530_2282_XN_48N345W,MROX_2225,https://planetarydata.jpl.nasa.gov/img/data/mro/ctx/mrox_2225/data/F04_037530_2282_XN_48N345W.IMG
D04_028658_2168_XI_36N043W,MROX_1728,https://planetarydata.jpl.nasa.gov/img/data/mro/ctx/mrox_1728/data/D04_028658_2168_XI_36N043W.IMG
G20_026192_2167_XI_36N043W,MROX_1538,https://planetarydata.jpl.nasa.gov/img/data/mro/ctx/mrox_1538/data/G20_026192_2167_XI_36N043W.IMG
J04_046537_2219_XI_41N351W,MROX_2656,https://planetarydata.jpl.nasa.gov/img/data/mro/ctx/mrox_2656/data/J04_046537_2219_XI_41N351W.IMG
P16_007255_2202_XN_40N350W,MROX_0426,https://planetarydata.jpl.nasa.gov/img/data/mro/ctx/mrox_0426/data/P16_007255_2202_XN_40N350W.IMG
P17_007756_2202_XI_40N351W,MROX_0501,https://planetarydata.jpl.nasa.gov/img/data/mro/ctx/mrox_0501/data/P17_007756_2202_XI_40N351W.IMG
F06_038086_2037_XN_23N036W,MROX_2269,https://planetarydata.jpl.nasa.gov/img/data/mro/ctx/mrox_2269/data/F06_038086_2037_XN_23N036W.IMG
D13_032284_2086_XN_28N039W,MROX_1842,https://planetarydata.jpl.nasa.gov/img/data/mro/ctx/mrox_1842/data/D13_032284_2086_XN_28N039W.IMG
G03_019546_2085_XN_28N039W,MROX_1232,https://planetarydata.jpl.nasa.gov/img/data/mro/ctx/mrox_1232/data/G03_019546_2085_XN_28N039W.IMG
G04_019757_2085_XN_28N039W,MROX_1244,https://planetarydata.jpl.nasa.gov/img/data/mro/ctx/mrox_1244/data/G04_019757_2085_XN_28N039W.IMG
G01_018544_2131_XN_33N043W,MROX_1183,https://planetarydata.jpl.nasa.gov/img/data/mro/ctx/mrox_1183/data/G01_018544_2131_XN_33N043W.IMG
J12_049598_2115_XN_31N043W,MROX_2860,https://planetarydata.jpl.nasa.gov/img/data/mro/ctx/mrox_2860/data/J12_049598_2115_XN_31N043W.IMG
B05_011685_2274_XI_47N347W,MROX_0749,https://planetarydata.jpl.nasa.gov/img/data/mro/ctx/mrox_0749/data/B05_011685_2274_XI_47N347W.IMG
J19_052088_2271_XN_47N347W,MROX_2946,https://planetarydata.jpl.nasa.gov/img/data/mro/ctx/mrox_2946/data/J19_052088_2271_XN_47N347W.IMG
B02_010261_2248_XI_44N348W,MROX_0701,https://planetarydata.jpl.nasa.gov/img/data/mro/ctx/mrox_0701/data/B02_010261_2248_XI_44N348W.IMG
K02_053989_2257_XN_45N046W,MROX_3034,https://planetarydata.jpl.nasa.gov/img/data/mro/ctx/mrox_3034/data/K02_053989_2257_XN_45N046W.IMG
P16_007112_2234_XI_43N046W,MROX_0406,https://planetarydata.jpl.nasa.gov/img/data/mro/ctx/mrox_0406/data/P16_007112_2234_XI_43N046W.IMG
P20_008839_2269_XI_46N046W,MROX_0605,https://planetarydata.jpl.nasa.gov/img/data/mro/ctx/mrox_0605/data/P20_008839_2269_XI_46N046W.IMG
P21_009406_2268_XI_46N047W,MROX_0646,https://planetarydata.jpl.nasa.gov/img/data/mro/ctx/mrox_0646/data/P21_009406_2268_XI_46N047W.IMG
B04_011329_2241_XI_44N347W,MROX_0733,https://planetarydata.jpl.nasa.gov/img/data/mro/ctx/mrox_0733/data/B04_011329_2241_XI_44N347W.IMG
K02_054000_2257_XN_45N347W,MROX_3034,https://planetarydata.jpl.nasa.gov/img/data/mro/ctx/mrox_3034/data/K02_054000_2257_XN_45N347W.IMG
P16_007123_2241_XN_44N347W,MROX_0407,https://planetarydata.jpl.nasa.gov/img/data/mro/ctx/mrox_0407/data/P16_007123_2241_XN_44N347W.IMG
F02_036662_2282_XN_48N048W,MROX_2132,https://planetarydata.jpl.nasa.gov/img/data/mro/ctx/mrox_2132/data/F02_036662_2282_XN_48N048W.IMG
K02_054134_2269_XN_46N048W,MROX_3039,https://planetarydata.jpl.nasa.gov/img/data/mro/ctx/mrox_3039/data/K02_054134_2269_XN_46N048W.IMG
P15_006967_2281_XN_48N048W,MROX_0387,https://planetarydata.jpl.nasa.gov/img/data/mro/ctx/mrox_0387/data/P15_006967_2281_XN_48N048W.IMG
G19_025532_2122_XN_32N024W,MROX_1480,https://planetarydata.jpl.nasa.gov/img/data/mro/ctx/mrox_1480/data/G19_025532_2122_XN_32N024W.IMG
J04_046446_2092_XN_29N024W,MROX_2642,https://planetarydata.jpl.nasa.gov/img/data/mro/ctx/mrox_2642/data/J04_046446_2092_XN_29N024W.IMG
F03_037084_2219_XN_41N048W,MROX_2181,https://planetarydata.jpl.nasa.gov/img/data/mro/ctx/mrox_2181/data/F03_037084_2219_XN_41N048W.IMG
G22_026746_2219_XN_41N049W,MROX_1597,https://planetarydata.jpl.nasa.gov/img/data/mro/ctx/mrox_1597/data/G22_026746_2219_XN_41N049W.IMG
B11_014047_2054_XN_25N030W,MROX_0860,https://planetarydata.jpl.nasa.gov/img/data/mro/ctx/mrox_0860/data/B11_014047_2054_XN_25N030W.IMG
P21_009300_2049_XI_24N029W,MROX_0638,https://planetarydata.jpl.nasa.gov/img/data/mro/ctx/mrox_0638/data/P21_009300_2049_XI_24N029W.IMG
P21_009338_2253_XN_45N350W,MROX_0641,https://planetarydata.jpl.nasa.gov/img/data/mro/ctx/mrox_0641/data/P21_009338_2253_XN_45N350W.IMG
B21_017751_2248_XN_44N355W,MROX_1134,https://planetarydata.jpl.nasa.gov/img/data/mro/ctx/mrox_1134/data/B21_017751_2248_XN_44N355W.IMG
D07_029988_2250_XI_45N355W,MROX_1784,https://planetarydata.jpl.nasa.gov/img/data/mro/ctx/mrox_1784/data/D07_029988_2250_XI_45N355W.IMG
F03_036937_2251_XI_45N355W,MROX_2165,https://planetarydata.jpl.nasa.gov/img/data/mro/ctx/mrox_2165/data/F03_036937_2251_XI_45N355W.IMG
F04_037293_2256_XI_45N355W,MROX_2205,https://planetarydata.jpl.nasa.gov/img/data/mro/ctx/mrox_2205/data/F04_037293_2256_XI_45N355W.IMG
G02_019030_2250_XI_45N354W,MROX_1206,https://planetarydata.jpl.nasa.gov/img/data/mro/ctx/mrox_1206/data/G02_019030_2250_XI_45N354W.IMG
G20_025966_2256_XI_45N355W,MROX_1518,https://planetarydata.jpl.nasa.gov/img/data/mro/ctx/mrox_1518/data/G20_025966_2256_XI_45N355W.IMG
J01_045113_2257_XI_45N355W,MROX_2513,https://planetarydata.jpl.nasa.gov/img/data/mro/ctx/mrox_2513/data/J01_045113_2257_XI_45N355W.IMG
J20_052418_2249_XI_44N354W,MROX_2956,https://planetarydata.jpl.nasa.gov/img/data/mro/ctx/mrox_2956/data/J20_052418_2249_XI_44N354W.IMG
P22_009681_2243_XI_44N355W,MROX_0665,https://planetarydata.jpl.nasa.gov/img/data/mro/ctx/mrox_0665/data/P22_009681_2243_XI_44N355W.IMG
G19_025770_2207_XN_40N042W,MROX_1500,https://planetarydata.jpl.nasa.gov/img/data/mro/ctx/mrox_1500/data/G19_025770_2207_XN_40N042W.IMG
B18_016498_2264_XI_46N345W,MROX_0967,https://planetarydata.jpl.nasa.gov/img/data/mro/ctx/mrox_0967/data/B18_016498_2264_XI_46N345W.IMG
D18_034339_2267_XI_46N346W,MROX_1925,https://planetarydata.jpl.nasa.gov/img/data/mro/ctx/mrox_1925/data/D18_034339_2267_XI_46N346W.IMG
G22_026836_2261_XI_46N345W,MROX_1606,https://planetarydata.jpl.nasa.gov/img/data/mro/ctx/mrox_1606/data/G22_026836_2261_XI_46N345W.IMG
B20_017567_2157_XI_35N009W,MROX_1115,https://planetarydata.jpl.nasa.gov/img/data/mro/ctx/mrox_1115/data/B20_017567_2157_XI_35N009W.IMG
G19_025650_2167_XN_36N009W,MROX_1491,https://planetarydata.jpl.nasa.gov/img/data/mro/ctx/mrox_1491/data/G19_025650_2167_XN_36N009W.IMG
J21_052946_2164_XI_36N010W,MROX_2971,https://planetarydata.jpl.nasa.gov/img/data/mro/ctx/mrox_2971/data/J21_052946_2164_XI_36N010W.IMG
K01_053803_2165_XI_36N010W,MROX_3026,https://planetarydata.jpl.nasa.gov/img/data/mro/ctx/mrox_3026/data/K01_053803_2165_XI_36N010W.IMG
P13_006135_2174_XN_37N010W,MROX_0275,https://planetarydata.jpl.nasa.gov/img/data/mro/ctx/mrox_0275/data/P13_006135_2174_XN_37N010W.IMG
P02_002009_2242_XN_44N046W,MROX_0032,https://planetarydata.jpl.nasa.gov/img/data/mro/ctx/mrox_0032/data/P02_002009_2242_XN_44N046W.IMG
P13_006189_2246_XN_44N045W,MROX_0290,https://planetarydata.jpl.nasa.gov/img/data/mro/ctx/mrox_0290/data/P13_006189_2246_XN_44N045W.IMG
F22_044480_2251_XI_45N352W,MROX_2485,https://planetarydata.jpl.nasa.gov/img/data/mro/ctx/mrox_2485/data/F22_044480_2251_XI_45N352W.IMG
P17_007611_2238_XN_43N352W,MROX_0475,https://planetarydata.jpl.nasa.gov/img/data/mro/ctx/mrox_0475/data/P17_007611_2238_XN_43N352W.IMG
D21_035407_2260_XI_46N345W,MROX_1995,https://planetarydata.jpl.nasa.gov/img/data/mro/ctx/mrox_1995/data/D21_035407_2260_XI_46N345W.IMG
G18_025425_2271_XI_47N346W,MROX_1470,https://planetarydata.jpl.nasa.gov/img/data/mro/ctx/mrox_1470/data/G18_025425_2271_XI_47N346W.IMG
K04_054963_2209_XN_40N358W,MROX_3078,https://planetarydata.jpl.nasa.gov/img/data/mro/ctx/mrox_3078/data/K04_054963_2209_XN_40N358W.IMG
D05_029144_2242_XN_44N353W,MROX_1754,https://planetarydata.jpl.nasa.gov/img/data/mro/ctx/mrox_1754/data/D05_029144_2242_XN_44N353W.IMG
P15_006965_2224_XN_42N352W,MROX_0387,https://planetarydata.jpl.nasa.gov/img/data/mro/ctx/mrox_0387/data/P15_006965_2224_XN_42N352W.IMG
G20_025953_2199_XN_39N359W,MROX_1517,https://planetarydata.jpl.nasa.gov/img/data/mro/ctx/mrox_1517/data/G20_025953_2199_XN_39N359W.IMG
J20_052550_2233_XI_43N359W,MROX_2960,https://planetarydata.jpl.nasa.gov/img/data/mro/ctx/mrox_2960/data/J20_052550_2233_XI_43N359W.IMG
P21_009101_2208_XN_40N359W,MROX_0624,https://planetarydata.jpl.nasa.gov/img/data/mro/ctx/mrox_0624/data/P21_009101_2208_XN_40N359W.IMG
K04_055123_2233_XN_43N046W,MROX_3091,https://planetarydata.jpl.nasa.gov/img/data/mro/ctx/mrox_3091/data/K04_055123_2233_XN_43N046W.IMG
K06_055545_2236_XN_43N046W,MROX_3128,https://planetarydata.jpl.nasa.gov/img/data/mro/ctx/mrox_3128/data/K06_055545_2236_XN_43N046W.IMG
P18_007914_2270_XN_47N346W,MROX_0524,https://planetarydata.jpl.nasa.gov/img/data/mro/ctx/mrox_0524/data/P18_007914_2270_XN_47N346W.IMG
F07_038348_1175_XN_62S337W,MROX_2283,https://planetarydata.jpl.nasa.gov/img/data/mro/ctx/mrox_2283/data/F07_038348_1175_XN_62S337W.IMG
F13_041012_1178_XN_62S338W,MROX_2379,https://planetarydata.jpl.nasa.gov/img/data/mro/ctx/mrox_2379/data/F13_041012_1178_XN_62S338W.IMG
G21_026533_2220_XN_42N354W,MROX_1571,https://planetarydata.jpl.nasa.gov/img/data/mro/ctx/mrox_1571/data/G21_026533_2220_XN_42N354W.IMG
J02_045535_2217_XI_41N354W,MROX_2540,https://planetarydata.jpl.nasa.gov/img/data/mro/ctx/mrox_2540/data/J02_045535_2217_XI_41N354W.IMG
J04_046168_2212_XI_41N354W,MROX_2600,https://planetarydata.jpl.nasa.gov/img/data/mro/ctx/mrox_2600/data/J04_046168_2212_XI_41N354W.IMG
