obs_id,auc_base,auc_f,d_auc,n_crops,coverage,overlap,if_iqr,if_median,mosaic_iqr,f_iqr,iqr_ratio
ESP_045550_2180,0.783886175024977,0.3860741127505861,-0.3978120622743909,2,0.9995262908574136,0.2128251188852917,0.0043735578656196,0.0822880715131759,31.0,28.0,0.9032258064516129
ESP_046328_2180,0.7518130426854073,0.355136136009763,-0.3966769066756442,2,0.9994918699186992,0.2283090223973775,0.0239643696695566,0.0892082452774047,44.0,27.0,0.6136363636363636
ESP_054397_2105,0.7107516121859019,0.4243347416796382,-0.2864168705062636,2,0.999826056705514,0.4487459532925686,0.0296489093452692,0.1084188073873519,24.0,28.0,1.1666666666666667
ESP_069763_2235,0.713251033691416,0.446124399074129,-0.2671266346172869,2,0.9992912525683968,0.9992912525683968,0.0030674934387207,0.0743619501590728,23.0,28.0,1.2173913043478262
ESP_069669_2220,0.6900429887869978,0.4607404622136419,-0.2293025265733558,2,0.9997195737521032,0.2817616052631262,0.0047967061400413,0.1050429493188858,41.0,27.0,0.6585365853658537
ESP_059686_2235,0.671376764006246,0.4473582143671019,-0.2240185496391441,2,0.9993106216361536,0.3075148437802994,0.0052698403596878,0.0742544382810592,37.0,28.0,0.7567567567567568
ESP_064510_2260,0.7659130230785021,0.5770710536347908,-0.1888419694437112,2,0.9997186268992684,0.9997186268992684,0.0074919313192367,0.1158439442515373,51.0,28.0,0.5490196078431373
ESP_047976_2020,0.8851874615857407,0.7045482483097726,-0.1806392132759681,1,1.0,0.0,0.003313772380352,0.0825809985399246,37.0,28.0,0.7567567567567568
ESP_054622_2240,0.8043407733221033,0.6435262739226054,-0.1608144993994978,2,0.9997573404513468,0.7569389796156218,0.0198113471269607,0.0843274369835853,33.0,28.0,0.8484848484848485
ESP_045983_2270,0.5712610197453215,0.4324594868622295,-0.1388015328830919,2,0.9995337995337996,0.9995337995337996,0.0344359520822763,0.1017105802893638,26.0,27.0,1.0384615384615385
ESP_048688_2085,0.7502621722846442,0.620609951845907,-0.1296522204387372,3,0.9994285714285714,0.9994285714285714,0.0220021232962608,0.0841890126466751,52.0,28.0,0.5384615384615384
ESP_055253_2245,0.465392787251887,0.3438691641039977,-0.1215236231478892,4,0.9991143659485368,0.7939473115352512,0.0096940509974956,0.0906342417001724,29.0,28.0,0.9655172413793104
ESP_049242_2115,0.7393826783716018,0.6381732880934001,-0.1012093902782016,2,0.9990832363033488,0.9990832363033488,0.0167093351483345,0.1038666665554046,34.0,27.0,0.7941176470588235
ESP_063429_2240,0.7172513029767726,0.6186557440471845,-0.0985955589295881,2,0.9990586739257103,0.1616087731944338,0.0074782595038414,0.1089673936367034,27.0,27.0,1.0
ESP_055017_2055,0.7552616033755274,0.6669324894514768,-0.0883291139240506,2,0.9991758446185718,0.9991758446185718,0.0169813558459281,0.0879375636577606,38.0,27.0,0.7105263157894737
ESP_017355_2260,0.8057105659494141,0.7239622112432321,-0.081748354706182,2,0.9998885172798216,0.1359357707439048,0.0119679905474185,0.1115043237805366,39.0,27.0,0.6923076923076923
ESP_045878_2235,0.8723482515759888,0.805846555218399,-0.0665016963575898,1,0.9994086774073766,0.0,0.0046312380582094,0.1046399623155593,20.0,28.0,1.4
ESP_071699_2260,0.8160681697029128,0.7660908109261648,-0.049977358776748,3,0.9996189024390244,0.9996189024390244,0.0107781440019607,0.1221872940659523,26.0,28.0,1.0769230769230769
ESP_053989_2260,0.8727558901797884,0.8276096092685143,-0.045146280911274,3,0.9995581087052584,0.7802021417624881,0.0063243601471185,0.0834453403949737,57.0,28.0,0.49122807017543857
ESP_055690_2200,0.7885215374454972,0.7481584253463738,-0.0403631120991234,2,0.9995617879053462,0.9910141049450224,0.019909955561161,0.0882477089762687,51.0,28.0,0.5490196078431373
ESP_055055_2255,0.8839945280437755,0.8528877915318142,-0.0311067365119613,1,0.999716151007664,0.0,0.0046841483563184,0.1110358238220214,28.0,27.0,0.9642857142857143
ESP_054000_2255,0.6699737142290334,0.650031741308337,-0.0199419729206964,2,0.9996584699453552,0.7814018967716269,0.0360200777649879,0.1144345849752426,44.0,28.0,0.6363636363636364
ESP_068402_2240,0.7860376580320744,0.7686317898933499,-0.0174058681387244,3,0.9993902066062702,0.3608231719456408,0.0080010965466499,0.1006921604275703,19.0,27.0,1.4210526315789473
ESP_076723_2265,0.8669215023916719,0.8514738403793083,-0.0154476620123635,1,0.999790092359362,0.0,0.0032438859343528,0.114358864724636,19.0,28.0,1.4736842105263157
ESP_045390_2215,0.8318098282444273,0.8207495804706074,-0.0110602477738198,1,0.9990953333135792,0.0,0.0052172262221574,0.1239627748727798,21.0,27.0,1.2857142857142858
ESP_045139_2270,0.908238529919019,0.9100550946414976,0.0018165647224787,1,0.9997731397459164,0.0,0.0038267821073532,0.1161843463778495,20.0,27.0,1.35
ESP_054134_2265,0.7859680257250333,0.8045225094041986,0.0185544836791652,2,0.9996643168848608,0.7749501938831288,0.0051667466759681,0.0828626453876495,50.0,28.0,0.56
ESP_076565_2215,0.6889785332232472,0.7236556341314571,0.0346771009082098,3,0.9990892339544514,0.9990892339544514,0.0214011296629905,0.1168612912297248,20.0,27.0,1.35
ESP_051943_2270,0.8988090469705466,0.934097038639216,0.0352879916686693,2,0.9995697074010328,0.9977809141998824,0.0512318350374698,0.0714241564273834,34.0,28.0,0.8235294117647058
ESP_059421_2170,0.7163381991393456,0.7611723939241763,0.0448341947848307,3,0.9995565410199556,0.6691851645789185,0.0186549983918666,0.1269375681877136,35.0,28.0,0.8
ESP_042964_2160,0.87963904556776,0.9278070081248434,0.0481679625570834,2,1.0,0.7873719265267286,0.0529900435358285,0.1372540742158889,31.0,27.0,0.8709677419354839
ESP_052576_2250,0.8251559021414251,0.8779988583804035,0.0528429562389783,1,0.999739175795514,0.0,0.0054483115673065,0.1058877483010292,35.0,28.0,0.8
ESP_076499_1160,0.8487743164942957,0.9020198638855592,0.0532455473912636,2,0.999721758486366,0.5503785620736252,0.0473586916923522,0.0839524269104003,40.0,28.0,0.7
ESP_046959_2225,0.8425997025986057,0.9048675101165228,0.0622678075179171,3,0.9997121473805411,0.9997121473805411,0.0410669650882482,0.1264679580926895,26.0,28.0,1.0769230769230769
ESP_068483_2280,0.6108332475023175,0.7590654718989254,0.1482322243966078,1,0.9993786748316624,0.0,0.00343868881464,0.0916629880666732,46.0,27.0,0.5869565217391305
ESP_055978_2270,0.7957031860065594,0.95089801655474,0.1551948305481805,2,0.9997581035316884,0.8956380893705645,0.0372109189629554,0.0900026187300682,34.0,28.0,0.8235294117647058
