tile,variant,n_finite,coverage,prob_mean,rich_share_at_0p5,abundance_mean,abundance_saturated_frac,overlap_dp_median,partition_coverage,mean_n_frames,max_n_frames
E-12_N32,h1only,2186270,0.9994646712757053,0.18675637245178223,0.0780040891564171,0.002492211544354936,0.0,0.21436196565628052,0.9859895649756953,3.687411069869995,12
E-12_N32,full,2186270,0.9994646712757053,3.8641999708488584e-05,0.0,0.0,0.0,2.8270680559217e-05,0.9859895649756953,3.687411069869995,12
E-12_N32,resid,2186270,0.9994646712757053,0.14508311450481415,0.05747826206278273,0.0017995468339262067,0.0,0.14386335015296936,0.9859895649756953,3.687411069869995,12
E-12_N32,pfree,2186270,0.9994646712757053,0.044620633125305176,0.0050341449134827815,0.00025988313908642584,0.0,0.04096658527851105,0.9859895649756953,3.687411069869995,12
E-12_N36,h1only,2187441,1.0,0.45533135533332825,0.3931621470019077,0.010584796653307634,0.0,0.4523509740829468,0.9991158618678172,4.686163902282715,21
E-12_N36,full,2187441,1.0,0.0006738313240930438,0.0,9.82418061309162e-08,0.0,0.0006192078581079841,0.9991158618678172,4.686163902282715,21
E-12_N36,resid,2187441,1.0,0.4068114757537842,0.32986123968600756,0.008824627574041382,0.0,0.4188656508922577,0.9991158618678172,4.686163902282715,21
E-12_N36,pfree,2187441,1.0,0.2725435793399811,0.16943268412725188,0.004538965881801303,0.0,0.33847811818122864,0.9991158618678172,4.686163902282715,21
E-12_N40,h1only,2187433,0.9999963427585018,0.6795523762702942,0.7217889645077129,0.024842794417288094,0.0,0.4603691101074219,0.9983766419299995,5.63718843460083,20
E-12_N40,full,2187433,0.9999963427585018,0.006546638906002045,0.00012388950884438519,1.301035039261527e-05,0.0,0.004796622321009636,0.9983766419299995,5.63718843460083,20
E-12_N40,resid,2187433,0.9999963427585018,0.6035065054893494,0.6471315921447651,0.019061868186628642,0.0,0.4294770061969757,0.9983766419299995,5.63718843460083,20
E-12_N40,pfree,2187433,0.9999963427585018,0.5648564100265503,0.5964799836154981,0.017259677985419605,0.0,0.4200171232223511,0.9983766419299995,5.63718843460083,20
E-12_N44,h1only,2134617,0.9758512343875789,0.6450918316841125,0.6745612913229867,0.023816497713090704,0.0,0.3576729893684387,0.9382584490278824,2.4327192306518555,16
E-12_N44,full,2134617,0.9758512343875789,0.018344556912779808,0.0012756386742914538,8.75822578935575e-05,0.0,0.004715034272521734,0.9382584490278824,2.4327192306518555,16
E-12_N44,resid,2134617,0.9758512343875789,0.5577940940856934,0.5729013682548204,0.018270950475052058,0.0,0.2223653495311737,0.9382584490278824,2.4327192306518555,16
E-12_N44,pfree,2134617,0.9758512343875789,0.5140523910522461,0.5240125043508976,0.01703313573129951,0.0,0.18796765804290771,0.9382584490278824,2.4327192306518555,16
E-8_N32,h1only,2186270,0.9994646712757053,0.11890384554862976,0.02881528813915939,0.0011489861448289443,0.0,0.10499066114425659,0.9970742068014634,2.517486810684204,10
E-8_N32,full,2186270,0.9994646712757053,0.0007646223530173302,0.0,5.0380247020192565e-08,0.0,0.0002910431649070233,0.9970742068014634,2.517486810684204,10
E-8_N32,resid,2186270,0.9994646712757053,0.1431586593389511,0.03991867427170478,0.0014920233229072603,0.0,0.10367888957262039,0.9970742068014634,2.517486810684204,10
E-8_N32,pfree,2186270,0.9994646712757053,0.19476743042469025,0.07952768871182425,0.00255327356961162,0.0,0.1306753158569336,0.9970742068014634,2.517486810684204,10
E-8_N36,h1only,2186416,0.9995314159330468,0.3985011875629425,0.3406295965635085,0.008924484753201428,0.0,0.27669650316238403,0.9672224302278324,2.7405996322631836,10
E-8_N36,full,2186416,0.9995314159330468,0.017069494351744652,0.0003210733913399829,5.268831918145197e-05,0.0,0.008706171065568924,0.9672224302278324,2.7405996322631836,10
E-8_N36,resid,2186416,0.9995314159330468,0.4881942570209503,0.46025779174685877,0.012071388306368981,0.0,0.2804560661315918,0.9672224302278324,2.7405996322631836,10
E-8_N36,pfree,2186416,0.9995314159330468,0.6276403069496155,0.6848664663998069,0.01924059050608512,0.0,0.2624659240245819,0.9672224302278324,2.7405996322631836,10
E-8_N40,h1only,2152448,0.9840027685318141,0.47976747155189514,0.4527073360192674,0.016036013657496927,0.0,0.2524368166923523,0.9166633522915589,2.119581937789917,7
E-8_N40,full,2152448,0.9840027685318141,0.08254148811101913,0.03241007448263559,0.0009882484490542085,0.0,0.02607932686805725,0.9166633522915589,2.119581937789917,7
E-8_N40,resid,2152448,0.9840027685318141,0.5688129663467407,0.5507515164129401,0.020355451027801067,0.0,0.20020157098770142,0.9166633522915589,2.119581937789917,7
E-8_N40,pfree,2152448,0.9840027685318141,0.7152317762374878,0.7628839349429115,0.029753980475628335,0.0,0.18251143395900726,0.9166633522915589,2.119581937789917,7
E-8_N44,h1only,2187441,1.0,0.6683276295661926,0.7120754342631412,0.025046197168482567,0.0,0.30123353004455566,0.9992068357500842,2.0369231700897217,11
E-8_N44,full,2187441,1.0,0.25821956992149353,0.21558250028229334,0.005109195801329303,0.0,0.13915227353572845,0.9992068357500842,2.0369231700897217,11
E-8_N44,resid,2187441,1.0,0.7464385628700256,0.8032061207593714,0.030868348037054856,0.0,0.1426016092300415,0.9992068357500842,2.0369231700897217,11
E-8_N44,pfree,2187441,1.0,0.8679422736167908,0.934313656916918,0.04728723888646795,2.2857759363566836e-06,0.05967891216278076,0.9992068357500842,2.0369231700897217,11
E-4_N32,h1only,2187441,1.0,0.10525832325220108,0.006547376592100084,0.000735751313423806,0.0,0.1097169741988182,0.9950709527708405,2.6998703479766846,8
E-4_N32,full,2187441,1.0,0.01852080039680004,0.0001979481960884888,6.426801919702228e-05,0.0,0.007381724193692207,0.9950709527708405,2.6998703479766846,8
E-4_N32,resid,2187441,1.0,0.1841103434562683,0.06199344348030415,0.0020628456208930924,0.0,0.14725938439369202,0.9950709527708405,2.6998703479766846,8
E-4_N32,pfree,2187441,1.0,0.36508065462112427,0.25802707364450056,0.006470318069871311,0.0,0.24200749397277832,0.9950709527708405,2.6998703479766846,8
E-4_N36,h1only,2158922,0.9869623912142087,0.33372893929481506,0.22654408079587868,0.006777738724765708,0.0,0.23428283631801605,0.9343026851924234,2.7426114082336426,11
E-4_N36,full,2158922,0.9869623912142087,0.1347472369670868,0.060379670965417,0.0018268465758649935,0.0,0.09622375667095184,0.9343026851924234,2.7426114082336426,11
E-4_N36,resid,2158922,0.9869623912142087,0.47985023260116577,0.4325223421689158,0.011482319948046571,0.0,0.2902577817440033,0.9343026851924234,2.7426114082336426,11
E-4_N36,pfree,2158922,0.9869623912142087,0.7358314394950867,0.8640849460980989,0.025365550387028278,4.631941311450807e-07,0.21804779767990112,0.9343026851924234,2.7426114082336426,11
E-4_N40,h1only,2167806,0.9910237578979273,0.36918261647224426,0.27982762295150027,0.008199302850873343,0.0,0.22164860367774963,0.9314765518247121,2.538564682006836,10
E-4_N40,full,2167806,0.9910237578979273,0.251151442527771,0.16709751702873782,0.004746795167501444,0.0,0.13299560546875,0.9314765518247121,2.538564682006836,10
E-4_N40,resid,2167806,0.9910237578979273,0.49756067991256714,0.48601120210941384,0.01262590095091527,0.0,0.25642597675323486,0.9314765518247121,2.538564682006836,10
E-4_N40,pfree,2167806,0.9910237578979273,0.7907000184059143,0.9073584075327774,0.031208530514887207,1.8451835634738532e-06,0.1671709418296814,0.9314765518247121,2.538564682006836,10
E-4_N44,h1only,2184872,0.9988255683238999,0.4058404266834259,0.3650918680819746,0.010385135471381143,0.0,0.21633461117744446,0.9904404278789691,2.0511929988861084,7
E-4_N44,full,2184872,0.9988255683238999,0.341630756855011,0.28221104028062055,0.007086166455767008,0.0,0.18955469131469727,0.9904404278789691,2.0511929988861084,7
E-4_N44,resid,2184872,0.9988255683238999,0.46635952591896057,0.4362040430743769,0.012620875828539192,0.0,0.2022179365158081,0.9904404278789691,2.0511929988861084,7
E-4_N44,pfree,2184872,0.9988255683238999,0.7946768999099731,0.8918430919522974,0.03401249288174468,9.153854321900779e-07,0.13402462005615234,0.9904404278789691,2.0511929988861084,7
E0_N32,h1only,2187441,1.0,0.14927151799201965,0.024296883893097,0.0014089324780487589,0.0,0.1314782351255417,0.9921392165548694,2.9389514923095703,9
E0_N32,full,2187441,1.0,0.12579713761806488,0.027375366924182184,0.0011875604052109397,0.0,0.10473588109016418,0.9921392165548694,2.9389514923095703,9
E0_N32,resid,2187441,1.0,0.19447743892669678,0.06384675060950215,0.00226196811225103,0.0,0.15959295630455017,0.9921392165548694,2.9389514923095703,9
E0_N32,pfree,2187441,1.0,0.36113157868385315,0.2997127693958374,0.0068600681221816,0.0,0.21088935434818268,0.9921392165548694,2.9389514923095703,9
E0_N36,h1only,2186443,0.9995437591231032,0.4282381534576416,0.3793599924626437,0.010941431185845204,0.0,0.31714439392089844,0.995432562523972,3.25370192527771,11
E0_N36,full,2186443,0.9995437591231032,0.4858101010322571,0.4688409439441138,0.014268504062784217,0.0,0.25769513845443726,0.995432562523972,3.25370192527771,11
E0_N36,resid,2186443,0.9995437591231032,0.4581526815891266,0.4149726290600761,0.011192846192431131,0.0,0.30938297510147095,0.995432562523972,3.25370192527771,11
E0_N36,pfree,2186443,0.9995437591231032,0.6473701596260071,0.7278712502452613,0.02074461321544086,0.0,0.2819352149963379,0.995432562523972,3.25370192527771,11
E0_N40,h1only,2132851,0.9750438983268578,0.46211695671081543,0.41992291069559007,0.01286865094391056,0.0,0.23001351952552795,0.9635981039031453,2.035341501235962,8
E0_N40,full,2132851,0.9750438983268578,0.7448409199714661,0.8091357530366632,0.03144809494874891,1.4065680162374212e-06,0.15936005115509033,0.9635981039031453,2.035341501235962,8
E0_N40,resid,2132851,0.9750438983268578,0.595991849899292,0.614367810972262,0.019443633715495238,0.0,0.23288339376449585,0.9635981039031453,2.035341501235962,8
E0_N40,pfree,2132851,0.9750438983268578,0.7132116556167603,0.7693856720417882,0.029169622665782168,2.3442800270623685e-06,0.15916693210601807,0.9635981039031453,2.035341501235962,8
E0_N44,h1only,2130442,0.973942611480721,0.49636414647102356,0.47647952866118864,0.015545393922668665,0.0,0.1718609631061554,0.9332443709338903,1.5845547914505005,7
E0_N44,full,2130442,0.973942611480721,0.7556942701339722,0.8029507491872578,0.03668648750367993,1.1265267958479978e-05,0.09311792254447937,0.9332443709338903,1.5845547914505005,7
E0_N44,resid,2130442,0.973942611480721,0.507243812084198,0.48829867229429386,0.01582400879685403,0.0,0.17362482845783234,0.9332443709338903,1.5845547914505005,7
E0_N44,pfree,2130442,0.973942611480721,0.5850843787193298,0.5989029506553101,0.02019911475072637,2.8163169896199944e-06,0.16124042868614197,0.9332443709338903,1.5845547914505005,7
E4_N32,h1only,2170585,0.9922941921633543,0.29363277554512024,0.1804421388703967,0.004744039963306448,0.0,0.18534597754478455,0.9820091147601239,2.3815252780914307,10
E4_N32,full,2170585,0.9922941921633543,0.696223795413971,0.7698316352504049,0.024250496763624008,0.0,0.1509244441986084,0.9820091147601239,2.3815252780914307,10
E4_N32,resid,2170585,0.9922941921633543,0.32871532440185547,0.23153113100846084,0.005791777073352865,0.0,0.18351756036281586,0.9820091147601239,2.3815252780914307,10
E4_N32,pfree,2170585,0.9922941921633543,0.2883913218975067,0.1775843839333636,0.004611323698865878,0.0,0.16980013251304626,0.9820091147601239,2.3815252780914307,10
E4_N36,h1only,2154238,0.9848210763170298,0.41149264574050903,0.3427847805117169,0.008857568244541631,0.0,0.3731094002723694,0.9075874503586611,3.4556753635406494,10
E4_N36,full,2154238,0.9848210763170298,0.8456477522850037,0.9376503431839937,0.03831953299378953,9.284025256262308e-07,0.15101706981658936,0.9075874503586611,3.4556753635406494,10
E4_N36,resid,2154238,0.9848210763170298,0.3798079192638397,0.2970419238728497,0.0071614325142936525,0.0,0.33629417419433594,0.9075874503586611,3.4556753635406494,10
E4_N36,pfree,2154238,0.9848210763170298,0.39620569348335266,0.324200018753731,0.007746425833258307,0.0,0.3394102156162262,0.9075874503586611,3.4556753635406494,10
E4_N40,h1only,2187441,1.0,0.436673104763031,0.379584637939949,0.010482302143245477,0.0,0.4609716534614563,0.9957420565857548,3.5894408226013184,19
E4_N40,full,2187441,1.0,0.9369341731071472,0.9949616926810826,0.05671611424535591,0.0065199472808638035,0.10341238975524902,0.9957420565857548,3.5894408226013184,19
E4_N40,resid,2187441,1.0,0.43775197863578796,0.3759955125646817,0.01027165720815286,0.0,0.4245995879173279,0.9957420565857548,3.5894408226013184,19
E4_N40,pfree,2187441,1.0,0.523760974407196,0.5054248320297553,0.013997892525471262,0.0,0.42949017882347107,0.9957420565857548,3.5894408226013184,19
E4_N44,h1only,2187441,1.0,0.5183885097503662,0.5235802931370492,0.015370400427965912,0.0,0.47806233167648315,0.9996671910236664,3.62809419631958,20
E4_N44,full,2187441,1.0,0.9590914845466614,0.9957114271882076,0.06937563456101795,0.004245143069001632,0.03592357039451599,0.9996671910236664,3.62809419631958,20
E4_N44,resid,2187441,1.0,0.449585497379303,0.4299745684569321,0.011264264251687875,0.0,0.3933969736099243,0.9996671910236664,3.62809419631958,20
E4_N44,pfree,2187441,1.0,0.6097880005836487,0.6580771778530256,0.019250226066905816,0.0,0.3585853576660156,0.9996671910236664,3.62809419631958,20
E8_N32,h1only,2184680,0.9987377945279439,0.36075976490974426,0.26290211838804767,0.006400064472564673,0.0,0.22985994815826416,0.9942096723980213,2.995342493057251,8
E8_N32,full,2184680,0.9987377945279439,0.8827759623527527,0.9795910613911419,0.040103978348010966,0.0,0.08673977851867676,0.9942096723980213,2.995342493057251,8
E8_N32,resid,2184680,0.9987377945279439,0.1391444206237793,0.03641814819561675,0.0014696605523805506,0.0,0.09952834993600845,0.9942096723980213,2.995342493057251,8
E8_N32,pfree,2184680,0.9987377945279439,0.19297057390213013,0.06271444788252742,0.002356976798708529,0.0,0.13946901261806488,0.9942096723980213,2.995342493057251,8
E8_N36,h1only,2187441,1.0,0.5842936038970947,0.6234773875043944,0.01613103248962612,0.0,0.35411545634269714,0.9583440193358358,3.6931066513061523,10
E8_N36,full,2187441,1.0,0.9600016474723816,0.9986326488348715,0.06119805237861581,3.1086552734450895e-05,0.039764225482940674,0.9583440193358358,3.6931066513061523,10
E8_N36,resid,2187441,1.0,0.2361651510000229,0.15992111330088446,0.0038121645966226335,0.0,0.23412716388702393,0.9583440193358358,3.6931066513061523,10
E8_N36,pfree,2187441,1.0,0.3539043962955475,0.2968560066305788,0.007286735183385889,0.0,0.29774612188339233,0.9583440193358358,3.6931066513061523,10
E8_N40,h1only,2187441,1.0,0.4847061038017273,0.4455411597387084,0.01329604193182822,0.0,0.4373228847980499,0.9998130235284061,3.3749120235443115,10
E8_N40,full,2187441,1.0,0.984509289264679,0.9999227407733512,0.08659190688416697,0.012083525909955971,0.014732778072357178,0.9998130235284061,3.3749120235443115,10
E8_N40,resid,2187441,1.0,0.2897248864173889,0.21547964036515727,0.006228963101694367,0.0,0.2919817566871643,0.9998130235284061,3.3749120235443115,10
E8_N40,pfree,2187441,1.0,0.3745456039905548,0.32144226975721857,0.010074769507330666,0.0,0.3117673099040985,0.9998130235284061,3.3749120235443115,10
E8_N44,h1only,2187441,1.0,0.3557623326778412,0.2892553444870056,0.007793764270707952,0.0,0.35180842876434326,0.9815880748326469,2.4530982971191406,7
E8_N44,full,2187441,1.0,0.9854389429092407,0.9999716563783891,0.08596874365057638,0.011516653477739515,0.010223746299743652,0.9815880748326469,2.4530982971191406,7
E8_N44,resid,2187441,1.0,0.1950007677078247,0.12120189755975133,0.0033226667120239014,0.0,0.14875462651252747,0.9815880748326469,2.4530982971191406,7
E8_N44,pfree,2187441,1.0,0.26422232389450073,0.203191766086491,0.005862905797107486,0.0,0.1779213547706604,0.9815880748326469,2.4530982971191406,7
E12_N44,h1only,2187441,1.0,0.5051060914993286,0.4950670669517486,0.014712539960677222,0.0,0.5039348602294922,0.9996507334369247,5.057525157928467,21
E12_N44,full,2187441,1.0,0.9994488954544067,1.0,0.24302868338792807,0.6367906608681103,0.00015753507614135742,0.9996507334369247,5.057525157928467,21
E12_N44,resid,2187441,1.0,0.49277517199516296,0.4785697077086879,0.015007234667292379,4.571551872713367e-07,0.3796396255493164,0.9996507334369247,5.057525157928467,21
E12_N44,pfree,2187441,1.0,0.37194398045539856,0.32313831550199523,0.009811141592582714,0.0,0.3427125811576843,0.9996507334369247,5.057525157928467,21
E16_N44,h1only,2072435,0.9474244105326727,0.5642174482345581,0.5656983210571139,0.01949869851305967,0.0,0.25432270765304565,0.8912414094825872,2.032318115234375,7
E16_N44,full,2072435,0.9474244105326727,0.9999986290931702,1.0,0.29310114261973513,0.9973823063208255,5.960464477539063e-08,0.8912414094825872,2.032318115234375,7
E16_N44,resid,2072435,0.9474244105326727,0.9281177520751953,0.9680597943964467,0.06937267516600538,0.008544055663989462,0.019679784774780273,0.8912414094825872,2.032318115234375,7
E16_N44,pfree,2072435,0.9474244105326727,0.539813220500946,0.5527107002149645,0.018147574518995842,0.0,0.22128348052501678,0.8912414094825872,2.032318115234375,7
