obs_id,n,rich_rate,ap_h1only,ap_full,ap_resid,ap_pfree,d_ap_full,sd_off_full,mean_off_full,d_ap_resid,sd_off_resid,mean_off_resid,d_ap_pfree,sd_off_pfree,mean_off_pfree
ESP_017355_2260,6996,0.6080617495711835,0.8377420876252645,0.873084877296411,0.8823205216400254,0.8574870517840534,0.03534278967114657,1.5942794192663121,12.407171756380771,0.044578434014760915,0.344562091151837,2.947996036261533,0.019744964158788902,0.15929232205032615,-0.5143151147499819
ESP_042964_2160,2564,0.07839313572542901,0.45792965085562365,0.45792965085562365,0.45792965085562365,0.45792965085562365,0.0,8.945483146438482e-08,-6.499100000684648,0.0,1.1619015099615769e-07,-0.18947143053623136,0.0,1.380750244636551e-07,0.3266285699876425
ESP_045139_2270,6293,0.7244557444779914,0.9482378628934711,0.9492414602928927,0.9501393317128414,0.9500239624407101,0.0010035973994215741,0.39680797030612974,9.1424543550379,0.0019014688193702556,0.12905137731559005,-0.48989325998669325,0.0017860995472389618,0.12108843807734364,-1.5640565146101828
ESP_045390_2215,2538,0.10914105594956659,0.46046315273415306,0.46046315273415306,0.46046315273415306,0.46046315273415306,0.0,2.462121083941239e-06,4.025025083329765,0.0,1.0065353644103843e-07,0.11097500046909269,0.0,1.2847055327077362e-07,0.6843999997580106
ESP_045878_2235,7313,0.03459592506495282,0.04488190056426457,0.04496618274596613,0.04492528424214989,0.044948191999747165,8.428218170156154e-05,0.006789308556980686,3.556485219074372,4.338367788532527e-05,0.0034449140473006516,0.3250521332447157,6.629143548259747e-05,0.005194784811887282,0.5963833872962218
ESP_045983_2270,2468,0.13209076175040518,0.3339740324057164,0.3337338605004238,0.3344263612178087,0.33478315530524627,-0.00024017190529257437,0.01634939953523124,9.674448478627868,0.00045232881209233966,0.02502349160095599,-0.6899114648101499,0.0008091228995298905,0.01727357123043428,-1.4445953260824285
ESP_046959_2225,4156,0.2550529355149182,0.966590007550036,0.9667874755067932,0.966511374176523,0.9667232354772762,0.00019746795675723572,0.1382526498424936,4.75180376159941,-7.863337351299293e-05,0.11135341237796512,-0.7561152339719596,0.00013322792724024257,0.13061526480099975,0.3189786065086165
ESP_051943_2270,2711,0.05385466617484323,0.42714031102764904,0.4270526293551535,0.42714031102764904,0.42714031102764904,-8.768167249556535e-05,0.0002969348130963796,9.540536625629656,0.0,5.6340112401591386e-08,-0.12551999905310943,0.0,4.9038216465924913e-08,-1.2111600000104195
ESP_052576_2250,4755,0.2637223974763407,0.7681966993198053,0.7681627365417638,0.7681966993198053,0.7681966993198053,-3.396277804146308e-05,0.00046498767688038197,7.296799099218193,0.0,3.9332536238015574e-07,-0.7095499980095105,0.0,3.746871562047323e-07,-0.46064999807776535
ESP_054000_2255,3535,0.20226308345120225,0.6740462754120689,0.6761680172596963,0.6763375340448157,0.6762131795119168,0.0021217418476274785,0.08146228521219948,8.122851524300051,0.0022912586327468176,0.11159935346245484,-0.734949054779321,0.0021669040998479883,0.1340119233931754,-1.7078790680135116
ESP_055055_2255,4397,0.04889697521037071,0.1725282752602502,0.17252806295641443,0.1725282752602502,0.1725282752602502,-2.1230383576154033e-07,1.0899761491109795e-05,5.102299732818051,0.0,3.226236248957833e-08,-1.8641999999394003,0.0,3.9044469459448726e-08,-1.4016999998731638
ESP_055253_2245,2596,0.05624036979969183,0.04179933256520137,0.04322362929481352,0.044320315994512034,0.04335658693730158,0.001424296729612147,0.5079667468889224,3.3798006203671966,0.002520983429310661,0.6363884969523372,-0.08770619901569206,0.0015572543721002058,0.5230700677517425,0.38594318126696286
ESP_055978_2270,5487,0.017313650446509933,0.6302235849376057,0.6314251602768179,0.6303281012819,0.6302836525972731,0.0012015753392122797,0.017071743647121846,9.677746807492852,0.00010451634429431422,0.026110480283446452,-0.6848221501241443,6.0067659667484286e-05,0.01802391105404046,-1.4410822036581568
ESP_059421_2170,4570,0.043982494529540485,0.20831562753483623,0.2056993874059253,0.20584367695248235,0.20572953357276227,-0.0026162401289109294,0.2832111897210987,-9.008158832299468,-0.002471950582353888,0.21383856846319135,-0.7422713731197274,-0.00258609396207396,0.27539492421377554,-1.8410215711832267
ESP_063429_2240,2102,0.544243577545195,0.7052054126927904,0.7061519783173417,0.7058001292490941,0.7059969386402414,0.0009465656245513099,0.05191360531613991,4.976509299528323,0.0005947165563037204,0.034657185054675334,-0.2058578443089931,0.0007915259474510217,0.042935863882176364,0.7667538388685349
ESP_064510_2260,4503,0.2804796802131912,0.7446363338942227,0.7394031885775523,0.735704614281974,0.7395055372947523,-0.005233145316670407,0.009449126249710135,9.540125480588754,-0.0089317196122487,0.017207133202808974,-0.6966966295756559,-0.005130796599470355,0.010092957862420112,-1.5683163397622566
ESP_068402_2240,5936,0.12230458221024258,0.26144062006238056,0.2527889798438139,0.25323188601557506,0.25317578317954076,-0.00865164021856668,0.3016843315721779,4.689291136052167,-0.0082087340468055,0.24879870676672194,-0.06419382905297516,-0.008264836882839799,0.2485736420998913,0.7786653414943815
ESP_069669_2220,4428,0.018518518518518517,0.03942081302287022,0.031639264547555716,0.034331482633180394,0.03445350790422306,-0.007781548475314502,0.18217987513644546,1.0627220775074617,-0.005089330389689825,0.11574312556685822,0.991740872730914,-0.00496730511864716,0.11223266045021646,3.2253972221905265
ESP_071699_2260,3012,0.502324037184595,0.8791214465605931,0.8778257263194184,0.8752148801171383,0.8772518268586453,-0.001295720241174747,0.14757440595797358,10.093006687438887,-0.003906566443454773,0.1902552487218618,0.12609421190329229,-0.0018696197019477667,0.16196363132303507,-0.9373057094046888
ESP_076565_2215,2449,0.1278072682727644,0.4043858873860439,0.3942423502740441,0.39076177970271553,0.39205529244775644,-0.010143537111999834,0.07227145972800374,3.110000616899846,-0.01362410768332839,0.09387717428335823,-0.37151715399585755,-0.012330594938287476,0.08700296597930529,-0.005737038217242606
ESP_076723_2265,6336,0.5291982323232324,0.8642854549361112,0.8640739029456133,0.8642854463065,0.8642854375729838,-0.00021155199049793794,0.14932797679449927,9.213149687385467,-8.629611247812363e-09,9.719314413086368e-07,-0.564450001145121,-1.7363127380320975e-08,8.49363395729658e-07,-1.6338500049420788
