PRODUCT_ID,tile
B01_009853_2288_XN_48N011W,E-12_N44
B01_009892_2148_XI_34N353W,E4_N32
B01_009905_2253_XI_45N352W,E4_N44
B01_009905_2253_XI_45N352W,E8_N44
B01_009919_2280_XI_48N012W,E-12_N44
B01_009958_2210_XI_41N356W,E0_N36
B01_009958_2210_XI_41N356W,E0_N40
B01_009998_2163_XI_36N010W,E-12_N32
B01_009998_2163_XI_36N010W,E-12_N36
B01_010064_2278_XN_47N011W,E-12_N44
B01_010103_2236_XI_43N355W,E0_N40
B01_010103_2236_XI_43N355W,E0_N44
B01_010103_2236_XI_43N355W,E4_N40
B01_010103_2236_XI_43N355W,E4_N44
B01_010130_2163_XN_36N011W,E-12_N32
B01_010143_2216_XN_41N009W,E-12_N40
B01_010182_2258_XI_45N353W,E4_N44
B01_010195_2277_XN_47N347W,E12_N44
B01_010195_2277_XN_47N347W,E8_N44
B01_010209_2277_XN_47N010W,E-12_N44
B02_010248_2250_XI_45N354W,E4_N44
B02_010261_2248_XI_44N348W,E8_N40
B02_010261_2248_XI_44N348W,E8_N44
B02_010275_2163_XI_36N010W,E-12_N32
B02_010275_2163_XI_36N010W,E-12_N36
B02_010288_2247_XI_44N007W,E-8_N40
B02_010288_2247_XI_44N007W,E-8_N44
B02_010301_2200_XN_40N003W,E-4_N36
B02_010301_2200_XN_40N003W,E-4_N40
B02_010354_2163_XI_36N008W,E-12_N36
B02_010354_2163_XI_36N008W,E-8_N32
B02_010406_2289_XN_48N348W,E8_N44
B02_010459_2250_XI_45N354W,E4_N44
B02_010486_2277_XI_47N012W,E-12_N44
B02_010512_2179_XN_37N001W,E-4_N36
B02_010525_2212_XN_41N356W,E0_N36
B02_010525_2212_XN_41N356W,E0_N40
B02_010565_2277_XI_47N009W,E-12_N44
B02_010591_2152_XN_35N357W,E0_N32
B02_010604_2269_XI_46N353W,E4_N44
B03_010657_2168_XN_36N359W,E0_N36
B03_010683_2290_XI_49N351W,E8_N44
B03_010710_2169_XN_36N006W,E-8_N32
B03_010710_2169_XN_36N006W,E-8_N36
B03_010723_2214_XN_41N002W,E-4_N40
B03_010736_2159_XN_35N356W,E0_N32
B03_010749_2287_XI_48N352W,E4_N44
B03_010749_2287_XI_48N352W,E8_N44
B03_010776_2277_XN_47N010W,E-12_N44
B03_010842_2142_XN_34N010W,E-12_N32
B04_011264_2163_XN_36N011W,E-12_N32
B04_011264_2163_XN_36N011W,E-12_N36
B04_011276_2233_XN_43N340W,E16_N44
B04_011277_2168_XN_36N006W,E-8_N32
B04_011277_2168_XN_36N006W,E-8_N36
B04_011277_2283_XN_48N008W,E-12_N44
B04_011329_2241_XI_44N347W,E12_N44
B04_011329_2241_XI_44N347W,E8_N44
B04_011343_2250_XI_45N009W,E-12_N40
B04_011343_2250_XI_45N009W,E-12_N44
B05_011409_2266_XN_46N012W,E-12_N44
B05_011422_2168_XI_36N005W,E-8_N32
B05_011422_2168_XI_36N005W,E-8_N36
B05_011620_2266_XI_46N012W,E-12_N44
B05_011633_2274_XN_47N007W,E-12_N44
B05_011633_2274_XN_47N007W,E-8_N44
B05_011685_2274_XI_47N347W,E12_N44
B06_011830_2258_XN_45N344W,E12_N44
B06_011870_2147_XN_34N355W,E0_N32
B06_011870_2147_XN_34N355W,E4_N32
B06_011976_2145_XN_34N009W,E-12_N32
B07_012200_2153_XN_35N005W,E-8_N32
B07_012516_2154_XN_35N352W,E4_N32
B08_012635_2147_XI_34N001W,E-4_N32
B09_012951_2113_XN_31N348W,E8_N32
B09_013334_2143_XN_34N004W,E-8_N32
B10_013518_2150_XN_35N351W,E8_N32
B12_014138_2234_XN_43N356W,E0_N40
B12_014178_2145_XI_34N007W,E-8_N32
B12_014270_2227_XN_42N000W,E-4_N40
B16_015879_2125_XN_32N004W,E-8_N32
B16_015905_2190_XN_39N355W,E0_N36
B16_015905_2190_XN_39N355W,E4_N36
B16_015905_2232_XN_43N356W,E0_N40
B16_015918_2127_XN_32N349W,E8_N32
B16_015958_2163_XN_36N002W,E-4_N32
B16_015958_2163_XN_36N002W,E-4_N36
B16_015971_2144_XI_34N356W,E0_N32
B16_015971_2144_XI_34N356W,E0_N36
B16_015971_2144_XI_34N356W,E4_N32
B16_015984_2149_XN_34N351W,E4_N32
B16_015984_2149_XN_34N351W,E4_N36
B16_015984_2149_XN_34N351W,E8_N32
B16_015984_2149_XN_34N351W,E8_N36
B16_016011_2180_XI_38N012W,E-12_N36
B16_016024_2117_XN_31N003W,E-4_N32
B16_016037_2158_XN_35N359W,E0_N32
B16_016037_2158_XN_35N359W,E0_N36
B16_016037_2226_XN_42N000W,E-4_N40
B16_016037_2226_XN_42N000W,E0_N40
B16_016063_2132_XN_33N348W,E8_N32
B16_016077_2144_XN_34N010W,E-12_N32
B17_016090_2127_XN_32N005W,E-8_N32
B17_016116_2102_XI_30N355W,E4_N32
B17_016129_2162_XN_36N350W,E8_N32
B17_016129_2162_XN_36N350W,E8_N36
B17_016169_2169_XI_36N001W,E-4_N32
B17_016169_2169_XI_36N001W,E-4_N36
B17_016182_2232_XN_43N356W,E0_N40
B17_016195_2250_XN_45N354W,E4_N40
B17_016195_2250_XN_45N354W,E4_N44
B17_016222_2128_XN_32N009W,E-12_N32
B17_016235_2120_XN_32N004W,E-4_N32
B17_016235_2120_XN_32N004W,E-8_N32
B17_016274_2258_XN_45N350W,E8_N44
B17_016287_2222_XI_42N344W,E12_N44
B17_016288_2131_XI_33N010W,E-12_N32
B17_016300_2282_XN_48N340W,E16_N44
B17_016301_2250_XN_45N007W,E-8_N44
B17_016327_2160_XI_36N356W,E0_N32
B17_016327_2160_XI_36N356W,E0_N36
B17_016340_2161_XN_36N351W,E8_N32
B17_016340_2161_XN_36N351W,E8_N36
B17_016366_2244_XN_44N342W,E16_N44
B17_016367_2117_XN_31N007W,E-8_N32
B17_016380_2126_XN_32N002W,E-4_N32
B17_016393_2116_XN_31N357W,E0_N32
B17_016433_2266_XN_46N011W,E-12_N44
B17_016446_2125_XN_32N004W,E-8_N32
B17_016459_2197_XN_39N000W,E-4_N36
B17_016459_2197_XN_39N000W,E-4_N40
B17_016459_2197_XN_39N000W,E0_N36
B17_016472_2287_XN_48N357W,E0_N44
B18_016498_2264_XI_46N345W,E12_N44
B18_016525_2143_XN_34N001W,E-4_N32
B18_016551_2162_XN_36N351W,E8_N32
B18_016551_2162_XN_36N351W,E8_N36
B18_016578_2250_XN_45N007W,E-8_N44
B18_016591_2223_XN_42N004W,E-4_N40
B18_016591_2223_XN_42N004W,E-8_N40
B18_016604_2160_XI_36N356W,E0_N32
B18_016643_2264_XI_46N345W,E12_N44
B18_016683_2125_XN_32N354W,E4_N32
B18_016696_2161_XN_36N350W,E8_N32
B18_016722_2217_XN_41N340W,E16_N44
B18_016736_2136_XN_33N002W,E-4_N32
B18_016736_2224_XN_42N003W,E-4_N40
B18_016749_2126_XI_32N356W,E0_N32
B18_016775_2190_XN_39N347W,E8_N36
B18_016775_2190_XN_39N347W,E8_N40
B18_016788_2273_XI_47N345W,E12_N44
B18_016789_2162_XN_36N009W,E-12_N32
B18_016789_2162_XN_36N009W,E-12_N36
B18_016815_2151_XI_35N358W,E0_N32
B18_016815_2151_XI_35N358W,E0_N36
B18_016828_2143_XI_34N354W,E4_N32
B18_016828_2143_XI_34N354W,E4_N36
B18_016841_2178_XN_37N349W,E8_N32
B18_016841_2178_XN_37N349W,E8_N36
B19_016855_2177_XN_37N011W,E-12_N32
B19_016855_2177_XN_37N011W,E-12_N36
B19_016868_2125_XN_32N004W,E-8_N32
B19_016868_2250_XI_45N006W,E-8_N44
B19_016894_2125_XI_32N355W,E4_N32
B19_016894_2286_XN_48N357W,E0_N44
B19_016907_2120_XN_32N349W,E8_N32
B19_016933_2278_XN_47N342W,E16_N44
B19_016947_2164_XN_36N002W,E-4_N32
B19_016947_2164_XN_36N002W,E-4_N36
B19_016960_2263_XN_46N359W,E-4_N44
B19_016960_2263_XN_46N359W,E0_N44
B19_016973_2136_XN_33N352W,E4_N32
B19_016973_2136_XN_33N352W,E8_N32
B19_016999_2240_XN_44N343W,E12_N44
B19_016999_2240_XN_44N343W,E16_N44
B19_017026_2202_XN_40N000W,E-4_N36
B19_017026_2202_XN_40N000W,E-4_N40
B19_017026_2202_XN_40N000W,E0_N36
B19_017026_2202_XN_40N000W,E0_N40
B19_017039_2250_XN_45N354W,E4_N40
B19_017039_2250_XN_45N354W,E4_N44
B19_017052_2143_XN_34N349W,E8_N32
B19_017066_2211_XN_41N012W,E-12_N36
B19_017066_2211_XN_41N012W,E-12_N40
B19_017079_2126_XN_32N006W,E-8_N32
B19_017105_2229_XI_42N357W,E0_N40
B19_017118_2113_XN_31N350W,E8_N32
B19_017145_2132_XN_33N008W,E-12_N32
B19_017145_2132_XN_33N008W,E-8_N32
B19_017158_2261_XN_46N004W,E-8_N40
B19_017158_2261_XN_46N004W,E-8_N44
B19_017171_2189_XN_38N358W,E0_N36
B19_017184_2187_XI_38N353W,E4_N32
B19_017184_2187_XI_38N353W,E4_N36
B19_017184_2187_XI_38N353W,E4_N40
B20_017277_2139_XN_33N011W,E-12_N32
B20_017290_2162_XI_36N008W,E-12_N36
B20_017290_2162_XI_36N008W,E-8_N32
B20_017303_2225_XI_42N003W,E-4_N40
B20_017356_2134_XN_33N008W,E-12_N32
B20_017356_2242_XN_44N010W,E-12_N40
B20_017356_2242_XN_44N010W,E-12_N44
B20_017369_2147_XN_34N004W,E-4_N32
B20_017369_2147_XN_34N004W,E-4_N36
B20_017369_2147_XN_34N004W,E-8_N32
B20_017369_2147_XN_34N004W,E-8_N36
B20_017382_2134_XN_33N358W,E0_N32
B20_017395_2263_XN_46N356W,E0_N44
B20_017395_2263_XN_46N356W,E4_N44
B20_017408_2244_XN_44N351W,E8_N40
B20_017408_2244_XN_44N351W,E8_N44
B20_017514_2222_XN_42N004W,E-4_N40
B20_017514_2222_XN_42N004W,E-8_N40
B20_017527_2288_XN_48N000W,E-4_N44
B20_017553_2186_XN_38N348W,E8_N36
B20_017567_2157_XI_35N009W,E-12_N32
B20_017567_2157_XI_35N009W,E-12_N36
B20_017580_2246_XN_44N005W,E-8_N40
B20_017580_2246_XN_44N005W,E-8_N44
B20_017593_2265_XN_46N001W,E-4_N40
B20_017593_2265_XN_46N001W,E-4_N44
B20_017606_2134_XI_33N354W,E4_N32
B20_017606_2267_XN_46N356W,E0_N44
B20_017619_2162_XI_36N350W,E8_N32
B21_017646_2281_XN_48N008W,E-12_N44
B21_017646_2281_XN_48N008W,E-8_N44
B21_017738_2262_XI_46N001W,E-4_N40
B21_017738_2262_XI_46N001W,E-4_N44
B21_017751_2248_XN_44N355W,E4_N44
B21_017778_2198_XN_39N010W,E-12_N36
B21_017778_2198_XN_39N010W,E-12_N40
B21_017804_2267_XI_46N002W,E-4_N40
B21_017804_2267_XI_46N002W,E-4_N44
B21_017817_2266_XI_46N358W,E0_N44
B21_017883_2144_XN_34N358W,E0_N32
B21_017949_2263_XN_46N359W,E-4_N44
B21_017949_2263_XN_46N359W,E0_N44
B21_017989_2140_XN_34N011W,E-12_N32
B22_018081_2250_XI_45N006W,E-8_N44
B22_018239_2174_XI_37N358W,E0_N36
B22_018279_2197_XN_39N010W,E-12_N36
B22_018279_2197_XN_39N010W,E-12_N40
B22_018358_2277_XI_47N008W,E-12_N44
B22_018358_2277_XI_47N008W,E-8_N44
B22_018371_2119_XN_31N000W,E-4_N32
B22_018371_2119_XN_31N000W,E0_N32
B22_018384_2267_XI_46N357W,E0_N44
D01_027417_2195_XN_39N009W,E-12_N36
D01_027417_2195_XN_39N009W,E-12_N40
D01_027430_2228_XN_42N001W,E-4_N40
D01_027456_2135_XI_33N350W,E8_N32
D01_027469_2243_XI_44N347W,E12_N44
D01_027482_2300_XN_50N343W,E16_N44
D01_027483_2269_XI_46N009W,E-12_N44
D01_027535_2219_XI_41N348W,E8_N40
D01_027562_2146_XN_34N003W,E-4_N32
D01_027575_2300_XN_50N001W,E-4_N44
D01_027588_2249_XI_44N354W,E4_N40
D01_027588_2249_XI_44N354W,E4_N44
D01_027601_2242_XI_44N347W,E12_N44
D01_027707_2199_XN_39N003W,E-4_N36
D01_027707_2199_XN_39N003W,E-4_N40
D02_027826_2265_XN_46N012W,E-12_N44
D02_027892_2219_XI_41N011W,E-12_N36
D02_027892_2219_XI_41N011W,E-12_N40
D02_027892_2219_XI_41N011W,E-12_N44
D02_027997_2172_XN_37N358W,E0_N36
D02_028037_2116_XI_31N009W,E-12_N32
D02_028050_2182_XI_38N005W,E-8_N36
D02_028063_2228_XN_42N001W,E-4_N40
D02_028063_2228_XN_42N001W,E-4_N44
D02_028182_2218_XI_41N011W,E-12_N36
D02_028182_2218_XI_41N011W,E-12_N40
D02_028182_2218_XI_41N011W,E-12_N44
D03_028274_2159_XI_35N359W,E0_N32
D03_028274_2159_XI_35N359W,E0_N36
D04_028603_2250_XN_45N342W,E16_N44
D04_028670_2223_XI_42N010W,E-12_N36
D04_028670_2223_XI_42N010W,E-12_N40
D04_028670_2223_XI_42N010W,E-12_N44
D04_028683_2146_XI_34N003W,E-4_N32
D04_028709_2137_XN_33N355W,E0_N32
D04_028709_2137_XN_33N355W,E4_N32
D04_028722_2219_XI_41N348W,E8_N40
D04_028735_2267_XI_46N346W,E12_N44
D04_028788_2146_XN_34N351W,E8_N32
D04_028801_2268_XN_46N348W,E12_N44
D04_028801_2268_XN_46N348W,E8_N44
D04_028815_2266_XI_46N011W,E-12_N44
D04_028841_2159_XN_35N359W,E0_N32
D04_028841_2159_XN_35N359W,E0_N36
D04_028907_2146_XI_34N003W,E-4_N32
D04_028907_2146_XI_34N003W,E-8_N32
D05_029012_2219_XI_41N348W,E8_N40
D05_029092_2132_XN_33N011W,E-12_N32
D05_029144_2242_XN_44N353W,E4_N40
D05_029144_2242_XN_44N353W,E4_N44
D05_029355_2163_XN_36N352W,E4_N32
D05_029355_2163_XN_36N352W,E4_N36
D05_029355_2163_XN_36N352W,E8_N32
D06_029593_2165_XI_36N009W,E-12_N32
D06_029593_2165_XI_36N009W,E-12_N36
D07_029988_2250_XI_45N355W,E4_N40
D07_029988_2250_XI_45N355W,E4_N44
D08_030344_2155_XN_35N353W,E4_N32
D08_030371_2139_XN_33N011W,E-12_N32
D14_032704_2153_XN_35N347W,E8_N32
D14_032770_2154_XN_35N348W,E8_N32
D15_032915_2154_XN_35N348W,E8_N32
D15_032929_2134_XI_33N010W,E-12_N32
D15_032929_2265_XN_46N011W,E-12_N44
D15_032968_2170_XI_37N353W,E4_N32
D15_032968_2170_XI_37N353W,E4_N36
D15_033047_2171_XI_37N353W,E4_N32
D15_033047_2171_XI_37N353W,E4_N36
D15_033100_2226_XN_42N000W,E-4_N40
D15_033113_2155_XN_35N353W,E4_N32
D15_033140_2237_XN_43N012W,E-12_N40
D15_033179_2174_XN_37N356W,E0_N32
D15_033179_2174_XN_37N356W,E0_N36
D15_033179_2174_XN_37N356W,E4_N32
D15_033179_2174_XN_37N356W,E4_N36
D15_033219_2134_XI_33N010W,E-12_N32
D15_033245_2165_XN_36N358W,E0_N36
D15_033258_2155_XN_35N353W,E4_N32
D16_033377_2199_XN_39N003W,E-4_N36
D16_033377_2199_XN_39N003W,E-4_N40
D16_033390_2180_XI_38N356W,E0_N32
D16_033390_2180_XI_38N356W,E0_N36
D16_033430_2223_XI_42N010W,E-12_N36
D16_033430_2223_XI_42N010W,E-12_N40
D16_033430_2223_XI_42N010W,E-12_N44
D16_033469_2256_XI_45N355W,E4_N40
D16_033469_2256_XI_45N355W,E4_N44
D17_033733_2124_XN_32N000W,E-4_N32
D17_033786_2211_XN_41N009W,E-12_N40
D17_033812_2234_XN_43N000W,E-4_N40
D17_033812_2234_XN_43N000W,E-4_N44
D17_033812_2234_XN_43N000W,E0_N40
D17_033865_2246_XN_44N005W,E-8_N40
D17_033865_2246_XN_44N005W,E-8_N44
D17_033891_2174_XI_37N356W,E0_N36
D17_033918_2134_XN_33N010W,E-12_N32
D17_034023_2175_XI_37N356W,E0_N36
D18_034076_2127_XN_32N004W,E-8_N32
D18_034234_2124_XN_32N000W,E-4_N32
D18_034274_2194_XN_39N011W,E-12_N36
D18_034287_2183_XN_38N005W,E-8_N36
D18_034300_2137_XN_33N359W,E0_N32
D18_034339_2267_XI_46N346W,E12_N44
D19_034485_2176_XI_37N011W,E-12_N32
D19_034485_2176_XI_37N011W,E-12_N36
D19_034564_2152_XN_35N007W,E-8_N32
D19_034590_2226_XN_42N000W,E-4_N40
D19_034590_2226_XN_42N000W,E0_N40
D19_034603_2155_XN_35N353W,E4_N32
D19_034656_2193_XN_39N000W,E-4_N36
D19_034669_2178_XN_37N355W,E4_N36
D19_034709_2156_XN_35N007W,E-12_N36
D19_034709_2156_XN_35N007W,E-8_N32
D19_034709_2156_XN_35N007W,E-8_N36
D19_034762_2170_XN_37N011W,E-12_N32
D19_034762_2170_XN_37N011W,E-12_N36
D19_034775_2266_XI_46N011W,E-12_N44
D19_034801_2115_XN_31N358W,E0_N32
D20_034880_2116_XN_31N355W,E0_N32
D20_034880_2116_XN_31N355W,E4_N32
D20_035025_2141_XN_34N355W,E4_N32
D20_035052_2118_XN_31N011W,E-12_N32
D20_035078_2184_XN_38N005W,E-8_N36
D20_035131_2223_XI_42N010W,E-12_N36
D20_035131_2223_XI_42N010W,E-12_N40
D20_035131_2223_XI_42N010W,E-12_N44
D20_035157_2226_XN_42N000W,E-4_N40
D20_035157_2226_XN_42N000W,E0_N40
D20_035197_2199_XN_39N009W,E-12_N36
D20_035210_2278_XN_47N008W,E-12_N44
D20_035223_2133_XN_33N000W,E-4_N32
D21_035236_2144_XN_34N356W,E0_N32
D21_035302_2263_XN_46N359W,E-4_N44
D21_035302_2263_XN_46N359W,E0_N44
D21_035407_2260_XI_46N345W,E12_N44
D21_035434_2242_XN_44N002W,E-4_N40
D21_035434_2242_XN_44N002W,E-4_N44
D21_035447_2117_XN_31N356W,E0_N32
D21_035487_2215_XN_41N009W,E-12_N40
D21_035500_2140_XN_34N003W,E-4_N32
D21_035526_2121_XN_32N352W,E4_N32
D21_035539_2147_XN_34N348W,E8_N32
D22_035658_2166_XN_36N357W,E0_N32
D22_035658_2166_XN_36N357W,E0_N36
D22_035698_2176_XI_37N011W,E-12_N32
D22_035698_2176_XI_37N011W,E-12_N36
D22_035764_2120_XN_32N010W,E-12_N32
D22_035790_2269_XN_46N001W,E-4_N44
D22_035843_2149_XN_34N008W,E-12_N32
D22_035843_2149_XN_34N008W,E-12_N36
D22_035843_2149_XN_34N008W,E-8_N32
D22_035909_2139_XN_33N008W,E-12_N32
D22_035909_2251_XN_45N010W,E-12_N44
D22_035961_2215_XN_41N349W,E8_N36
D22_035961_2215_XN_41N349W,E8_N40
F01_036053_2245_XN_44N341W,E16_N44
F01_036093_2260_XN_46N353W,E4_N44
F01_036119_2291_XN_49N343W,E16_N44
F01_036199_2148_XN_34N007W,E-12_N32
F01_036199_2148_XN_34N007W,E-12_N36
F01_036199_2148_XN_34N007W,E-8_N32
F01_036265_2135_XN_33N006W,E-8_N32
F01_036265_2260_XN_46N008W,E-12_N44
F01_036291_2144_XN_34N356W,E0_N32
F01_036330_2245_XN_44N342W,E16_N44
F01_036344_2253_XN_45N005W,E-8_N40
F01_036344_2253_XN_45N005W,E-8_N44
F01_036357_2252_XN_45N000W,E-4_N40
F01_036357_2252_XN_45N000W,E-4_N44
F01_036357_2252_XN_45N000W,E0_N40
F01_036357_2252_XN_45N000W,E0_N44
F02_036396_2272_XI_47N346W,E12_N44
F02_036397_2266_XI_46N011W,E-12_N44
F02_036475_2241_XI_44N341W,E16_N44
F02_036476_2194_XN_39N007W,E-8_N36
F02_036555_2299_XN_49N006W,E-8_N44
F02_036581_2292_XN_49N357W,E0_N44
F02_036608_2190_XN_39N012W,E-12_N36
F02_036621_2278_XN_47N008W,E-12_N44
F02_036634_2186_XN_38N002W,E-4_N36
F02_036647_2145_XN_34N356W,E0_N32
F02_036647_2145_XN_34N356W,E0_N36
F02_036647_2145_XN_34N356W,E4_N32
F02_036660_2131_XN_33N351W,E4_N32
F02_036660_2131_XN_33N351W,E8_N32
F02_036713_2226_XN_42N000W,E-4_N40
F02_036726_2155_XN_35N353W,E4_N32
F02_036739_2274_XN_47N351W,E8_N44
F02_036752_2293_XN_49N345W,E12_N44
F02_036753_2223_XI_42N010W,E-12_N36
F02_036753_2223_XI_42N010W,E-12_N40
F02_036753_2223_XI_42N010W,E-12_N44
F03_036858_2138_XN_33N356W,E0_N32
F03_036858_2138_XN_33N356W,E4_N32
F03_036871_2196_XN_39N353W,E4_N36
F03_036871_2196_XN_39N353W,E4_N40
F03_036898_2252_XN_45N011W,E-12_N44
F03_036937_2251_XI_45N355W,E4_N44
F03_036950_2137_XN_33N349W,E8_N32
F03_037003_2230_XN_43N357W,E0_N40
F03_037095_2138_XI_33N348W,E8_N32
F03_037122_2154_XN_35N008W,E-12_N32
F03_037122_2154_XN_35N008W,E-12_N36
F03_037122_2154_XN_35N008W,E-8_N32
F03_037148_2155_XN_35N355W,E4_N32
F03_037148_2155_XN_35N355W,E4_N36
F04_037187_2244_XN_44N342W,E16_N44
F04_037214_2159_XN_35N357W,E0_N32
F04_037214_2159_XN_35N357W,E0_N36
F04_037293_2126_XN_32N353W,E4_N32
F04_037293_2256_XI_45N355W,E4_N44
F04_037320_2200_XN_40N012W,E-12_N36
F04_037359_2175_XN_37N355W,E4_N36
F04_037372_2205_XN_40N351W,E8_N36
F04_037372_2205_XN_40N351W,E8_N40
F04_037386_2160_XN_36N012W,E-12_N32
F04_037386_2160_XN_36N012W,E-12_N36
F04_037425_2125_XN_32N357W,E0_N32
F04_037465_2223_XN_42N010W,E-12_N36
F04_037465_2223_XN_42N010W,E-12_N40
F04_037465_2223_XN_42N010W,E-12_N44
F04_037491_2226_XN_42N000W,E-4_N40
F04_037491_2226_XN_42N000W,E0_N40
F04_037530_2282_XN_48N345W,E12_N44
F04_037544_2216_XN_41N006W,E-8_N36
F04_037544_2216_XN_41N006W,E-8_N40
F05_037649_2116_XN_31N351W,E8_N32
F05_037649_2276_XN_47N355W,E4_N44
F05_037754_2257_XN_45N340W,E16_N44
F05_037807_2267_XI_46N346W,E12_N44
F05_037953_2149_XN_34N010W,E-12_N32
F06_038071_2130_XI_33N350W,E8_N32
F06_038190_2279_XN_47N000W,E-4_N44
F06_038230_2157_XN_35N012W,E-12_N32
F06_038335_2125_XN_32N356W,E0_N32
F07_038441_2132_XN_33N010W,E-12_N32
F09_039140_2152_XN_35N005W,E-8_N32
F11_039997_2168_XN_36N359W,E0_N36
F13_040841_2204_XN_40N004W,E-4_N36
F13_040841_2204_XN_40N004W,E-4_N40
F13_040841_2204_XN_40N004W,E-8_N40
F14_041144_2201_XN_40N356W,E0_N36
F16_041922_2189_XN_38N356W,E0_N36
F16_042146_2251_XN_45N354W,E4_N44
F17_042318_2208_XN_40N009W,E-12_N40
F17_042331_2157_XN_35N007W,E-12_N32
F17_042331_2157_XN_35N007W,E-8_N32
F17_042529_2139_XN_33N010W,E-12_N32
F17_042568_2179_XN_37N356W,E0_N36
F17_042568_2179_XN_37N356W,E4_N36
F17_042595_2207_XN_40N009W,E-12_N40
F17_042621_2197_XN_39N003W,E-4_N36
F18_042700_2273_XN_47N000W,E-4_N44
F18_042739_2263_XI_46N345W,E12_N44
F18_042752_2240_XI_44N340W,E16_N44
F18_042885_2265_XN_46N011W,E-12_N44
F18_042924_2195_XN_39N354W,E4_N36
F18_042924_2195_XN_39N354W,E4_N40
F18_042964_2161_XN_36N006W,E-8_N32
F18_042964_2161_XN_36N006W,E-8_N36
F19_043043_2250_XN_45N006W,E-8_N44
F19_043096_2140_XN_34N011W,E-12_N32
F19_043109_2250_XN_45N006W,E-8_N44
F19_043148_2153_XN_35N350W,E8_N32
F19_043333_2230_XN_43N002W,E-4_N40
F19_043333_2230_XN_43N002W,E-4_N44
F19_043346_2220_XN_42N357W,E0_N40
F20_043425_2207_XN_40N354W,E4_N40
F20_043544_2214_XN_41N002W,E-4_N40
F20_043557_2144_XN_34N356W,E0_N32
F20_043570_2132_XN_33N351W,E8_N32
F20_043583_2212_XN_41N347W,E8_N40
F20_043623_2161_XN_36N358W,E0_N32
F20_043649_2212_XN_41N347W,E8_N40
F20_043676_2125_XN_32N005W,E-8_N32
F20_043702_2224_XN_42N356W,E0_N40
F20_043702_2224_XN_42N356W,E4_N40
F20_043715_2175_XI_37N350W,E8_N32
F20_043715_2175_XI_37N350W,E8_N36
F20_043768_2184_XI_38N354W,E4_N36
F20_043781_2195_XI_39N351W,E4_N40
F20_043781_2195_XI_39N351W,E8_N36
F20_043781_2195_XI_39N351W,E8_N40
F21_043847_2198_XN_39N354W,E4_N36
F21_043874_2152_XN_35N010W,E-12_N32
F21_043926_2195_XI_39N351W,E4_N40
F21_043926_2195_XI_39N351W,E8_N36
F21_043926_2195_XI_39N351W,E8_N40
F21_043992_2214_XI_41N353W,E4_N36
F21_043992_2214_XI_41N353W,E4_N40
F21_044019_2185_XI_38N008W,E-12_N36
F21_044019_2185_XI_38N008W,E-12_N40
F21_044058_2168_XN_36N355W,E0_N36
F21_044058_2168_XN_36N355W,E4_N32
F21_044058_2168_XN_36N355W,E4_N36
F21_044071_2175_XI_37N349W,E8_N32
F21_044071_2175_XI_37N349W,E8_N36
F21_044124_2167_XN_36N355W,E0_N36
F21_044124_2167_XN_36N355W,E4_N32
F21_044124_2167_XN_36N355W,E4_N36
F21_044137_2180_XI_38N350W,E8_N32
F21_044137_2180_XI_38N350W,E8_N36
F21_044164_2185_XI_38N008W,E-12_N36
F21_044164_2185_XI_38N008W,E-12_N40
F22_044256_2155_XN_35N358W,E0_N32
F22_044322_2213_XN_41N001W,E-4_N40
F22_044335_2185_XN_38N356W,E0_N36
F22_044335_2185_XN_38N356W,E4_N36
F22_044375_2155_XI_35N007W,E-8_N32
F22_044375_2155_XI_35N007W,E-8_N36
F22_044388_2163_XN_36N359W,E-4_N36
F22_044388_2163_XN_36N359W,E0_N32
F22_044388_2163_XN_36N359W,E0_N36
F22_044414_2195_XI_39N352W,E4_N36
F22_044414_2195_XI_39N352W,E4_N40
F22_044414_2195_XI_39N352W,E8_N36
F22_044427_2295_XI_49N349W,E8_N44
F22_044480_2251_XI_45N352W,E4_N40
F22_044480_2251_XI_45N352W,E4_N44
F22_044480_2251_XI_45N352W,E8_N40
F22_044480_2251_XI_45N352W,E8_N44
F22_044493_2257_XI_45N349W,E8_N40
F22_044493_2257_XI_45N349W,E8_N44
F22_044506_2244_XI_44N345W,E12_N44
F22_044507_2217_XI_41N008W,E-12_N36
F22_044507_2217_XI_41N008W,E-12_N40
F23_044665_2237_XN_43N005W,E-8_N40
F23_044678_2185_XN_38N356W,E4_N36
F23_044691_2235_XI_43N355W,E4_N40
F23_044691_2235_XI_43N355W,E4_N44
F23_044704_2174_XI_37N349W,E8_N32
F23_044704_2174_XI_37N349W,E8_N36
F23_044757_2181_XN_38N356W,E4_N36
F23_044770_2199_XN_39N347W,E8_N36
F23_044797_2162_XI_36N006W,E-8_N32
F23_044810_2136_XN_33N001W,E-4_N32
F23_044810_2282_XN_48N003W,E-4_N44
F23_044836_2175_XI_37N350W,E8_N32
F23_044836_2175_XI_37N350W,E8_N36
F23_044863_2157_XN_35N008W,E-12_N32
F23_044876_2152_XN_35N003W,E-4_N32
F23_044876_2193_XN_39N003W,E-4_N36
F23_044889_2200_XN_40N359W,E0_N36
F23_044889_2200_XN_40N359W,E0_N40
F23_044902_2157_XN_35N353W,E4_N32
F23_044929_2199_XI_39N010W,E-12_N36
F23_044929_2199_XI_39N010W,E-12_N40
F23_044942_2165_XN_36N004W,E-4_N36
F23_044942_2165_XN_36N004W,E-8_N32
F23_044942_2165_XN_36N004W,E-8_N36
F23_044968_2253_XN_45N356W,E0_N44
G01_018450_2265_XI_46N359W,E0_N44
G01_018542_2178_XN_37N349W,E8_N36
G01_018555_2263_XI_46N345W,E12_N44
G01_018556_2193_XI_39N011W,E-12_N36
G01_018568_2294_XI_49N340W,E16_N44
G01_018582_2267_XI_46N002W,E-4_N40
G01_018582_2267_XI_46N002W,E-4_N44
G01_018661_2263_XN_46N000W,E-4_N44
G01_018661_2263_XN_46N000W,E0_N44
G01_018767_2143_XN_34N011W,E-12_N32
G02_018885_2274_XN_47N355W,E0_N44
G02_018885_2274_XN_47N355W,E4_N44
G02_018912_2180_XN_38N010W,E-12_N36
G02_019030_2250_XI_45N354W,E4_N44
G02_019057_2195_XI_39N009W,E-12_N36
G02_019096_2221_XN_42N355W,E4_N40
G02_019202_2163_XI_36N008W,E-8_N32
G03_019505_2257_XN_45N359W,E-4_N44
G03_019505_2257_XN_45N359W,E0_N44
G03_019531_2288_XN_48N352W,E4_N44
G03_019584_2159_XN_35N357W,E0_N32
G03_019584_2159_XN_35N357W,E0_N36
G04_019624_2188_XN_38N009W,E-12_N36
G04_019676_2214_XN_41N349W,E8_N36
G04_019676_2214_XN_41N349W,E8_N40
G04_019690_2176_XN_37N011W,E-12_N32
G04_019690_2176_XN_37N011W,E-12_N36
G04_019756_2204_XI_40N011W,E-12_N36
G04_019756_2204_XI_40N011W,E-12_N40
G04_019821_2185_XN_38N348W,E8_N36
G04_019821_2185_XN_38N348W,E8_N40
G04_019980_2153_XN_35N008W,E-12_N32
G05_020046_2156_XI_35N009W,E-12_N32
G05_020046_2156_XI_35N009W,E-12_N36
G05_020138_2122_XN_32N001W,E-4_N32
G05_020164_2135_XN_33N351W,E8_N32
G05_020191_2156_XI_35N009W,E-12_N32
G05_020191_2156_XI_35N009W,E-12_N36
G05_020257_2223_XI_42N010W,E-12_N36
G05_020257_2223_XI_42N010W,E-12_N40
G05_020257_2223_XI_42N010W,E-12_N44
G05_020270_2185_XN_38N006W,E-8_N36
G05_020283_2172_XN_37N000W,E-4_N32
G05_020283_2172_XN_37N000W,E-4_N36
G05_020349_2113_XN_31N001W,E-4_N32
G06_020401_2244_XN_44N344W,E12_N44
G06_020586_2250_XI_45N354W,E4_N40
G06_020586_2250_XI_45N354W,E4_N44
G06_020639_2141_XI_34N000W,E-4_N32
G06_020639_2141_XI_34N000W,E0_N32
G06_020665_2139_XN_33N349W,E8_N32
G06_020731_2117_XN_31N351W,E8_N32
G06_020758_2102_XN_30N008W,E-12_N32
G07_020876_2133_XN_33N350W,E8_N32
G09_021601_2267_XI_46N346W,E12_N44
G09_021654_2136_XN_33N351W,E8_N32
G09_021694_2169_XN_36N003W,E-4_N32
G09_021694_2169_XN_36N003W,E-4_N36
G09_021694_2169_XN_36N003W,E-8_N36
G09_021839_2107_XN_30N001W,E-4_N32
G10_022037_2152_XN_35N007W,E-8_N32
G10_022195_2120_XN_32N000W,E-4_N32
G11_022406_2123_XN_32N001W,E-4_N32
G11_022643_2234_XN_43N356W,E0_N40
G14_023606_2208_XN_40N006W,E-8_N40
G14_023803_2250_XN_45N347W,E12_N44
G15_024199_2272_XN_47N354W,E4_N44
G15_024226_2223_XI_42N010W,E-12_N40
G15_024226_2223_XI_42N010W,E-12_N44
G16_024384_2169_XN_36N003W,E-4_N32
G16_024384_2169_XN_36N003W,E-4_N36
G16_024410_2250_XI_45N354W,E4_N40
G16_024410_2250_XI_45N354W,E4_N44
G16_024423_2198_XN_39N348W,E8_N36
G16_024423_2198_XN_39N348W,E8_N40
G16_024450_2242_XN_44N006W,E-8_N40
G16_024450_2242_XN_44N006W,E-8_N44
G16_024581_2233_XN_43N343W,E16_N44
G16_024595_2185_XI_38N006W,E-8_N36
G16_024647_2264_XI_46N345W,E12_N44
G17_024700_2124_XN_32N350W,E8_N32
G17_024713_2277_XN_47N347W,E12_N44
G17_024727_2250_XN_45N009W,E-12_N40
G17_024727_2250_XN_45N009W,E-12_N44
G17_024872_2173_XN_37N009W,E-12_N36
G17_024937_2267_XN_46N343W,E16_N44
G17_024938_2185_XI_38N006W,E-8_N36
G17_024951_2197_XN_39N003W,E-4_N36
G17_024951_2197_XN_39N003W,E-4_N40
G17_025003_2300_XN_50N345W,E12_N44
G17_025004_2254_XN_45N012W,E-12_N44
G18_025069_2250_XN_45N347W,E12_N44
G18_025083_2232_XN_43N008W,E-12_N40
G18_025083_2232_XN_43N008W,E-12_N44
G18_025135_2250_XN_45N347W,E12_N44
G18_025148_2290_XN_49N344W,E12_N44
G18_025148_2290_XN_49N344W,E16_N44
G18_025360_2168_XN_36N009W,E-12_N36
G18_025373_2147_XN_34N004W,E-4_N32
G18_025373_2147_XN_34N004W,E-8_N32
G18_025373_2147_XN_34N004W,E-8_N36
G18_025425_2271_XI_47N346W,E12_N44
G18_025439_2206_XN_40N007W,E-8_N36
G18_025439_2206_XN_40N007W,E-8_N40
G19_025478_2290_XN_49N353W,E4_N44
G19_025505_2214_XI_41N009W,E-12_N40
G19_025518_2207_XN_40N007W,E-8_N36
G19_025518_2207_XN_40N007W,E-8_N40
G19_025571_2130_XN_33N009W,E-12_N32
G19_025610_2223_XN_42N354W,E4_N40
G19_025623_2128_XI_32N350W,E8_N32
G19_025636_2267_XI_46N345W,E12_N44
G19_025650_2167_XN_36N009W,E-12_N32
G19_025650_2167_XN_36N009W,E-12_N36
G19_025663_2272_XI_47N003W,E-4_N44
G19_025663_2272_XI_47N003W,E-8_N44
G19_025676_2190_XN_39N356W,E0_N36
G19_025676_2190_XN_39N356W,E4_N36
G19_025729_2260_XN_46N004W,E-4_N40
G19_025729_2260_XN_46N004W,E-4_N44
G19_025729_2260_XN_46N004W,E-8_N40
G19_025729_2260_XN_46N004W,E-8_N44
G19_025755_2235_XN_43N353W,E4_N40
G19_025755_2235_XN_43N353W,E4_N44
G19_025782_2218_XN_41N011W,E-12_N36
G19_025782_2218_XN_41N011W,E-12_N40
G19_025782_2218_XN_41N011W,E-12_N44
G19_025795_2220_XN_42N005W,E-8_N36
G19_025795_2220_XN_42N005W,E-8_N40
G20_025874_2196_XN_39N003W,E-4_N36
G20_025874_2242_XN_44N003W,E-4_N40
G20_025874_2242_XN_44N003W,E-4_N44
G20_025940_2196_XN_39N004W,E-4_N36
G20_025940_2196_XN_39N004W,E-4_N40
G20_025940_2196_XN_39N004W,E-8_N36
G20_025940_2196_XN_39N004W,E-8_N40
G20_025940_2304_XN_50N006W,E-8_N44
G20_025953_2199_XN_39N359W,E0_N36
G20_025953_2199_XN_39N359W,E0_N40
G20_025966_2256_XI_45N355W,E4_N44
G20_026006_2219_XN_41N006W,E-8_N36
G20_026006_2219_XN_41N006W,E-8_N40
G20_026019_2228_XN_42N001W,E-4_N40
G20_026019_2228_XN_42N001W,E-4_N44
G20_026032_2263_XN_46N357W,E0_N44
G20_026045_2161_XN_36N350W,E8_N32
G20_026072_2119_XN_31N006W,E-8_N32
G20_026164_2234_XN_43N359W,E0_N40
G20_026164_2234_XN_43N359W,E0_N44
G21_026243_2201_XN_40N356W,E0_N36
G21_026243_2201_XN_40N356W,E0_N40
G21_026243_2201_XN_40N356W,E4_N36
G21_026243_2201_XN_40N356W,E4_N40
G21_026335_2128_XN_32N350W,E8_N32
G21_026362_2281_XI_48N004W,E-4_N44
G21_026362_2281_XI_48N004W,E-8_N44
G21_026375_2230_XN_43N000W,E-4_N40
G21_026388_2133_XN_33N353W,E4_N32
G21_026520_2138_XN_33N357W,E0_N32
G21_026533_2220_XN_42N354W,E4_N40
G21_026560_2217_XN_41N011W,E-12_N36
G21_026560_2217_XN_41N011W,E-12_N40
G21_026560_2217_XN_41N011W,E-12_N44
G21_026573_2157_XN_35N005W,E-8_N32
G21_026573_2157_XN_35N005W,E-8_N36
G21_026573_2275_XN_47N007W,E-8_N44
G21_026586_2119_XN_31N359W,E0_N32
G22_026665_2229_XN_42N358W,E0_N40
G22_026678_2284_XN_48N353W,E4_N44
G22_026718_2186_XN_38N004W,E-4_N36
G22_026718_2186_XN_38N004W,E-8_N36
G22_026718_2186_XN_38N004W,E-8_N40
G22_026771_2213_XI_41N009W,E-12_N40
G22_026836_2261_XI_46N345W,E12_N44
G22_026929_2145_XN_34N003W,E-4_N32
G22_026995_2155_XN_35N005W,E-8_N32
G23_027021_2226_XN_42N356W,E0_N40
G23_027061_2127_XN_32N007W,E-8_N32
G23_027087_2234_XN_43N358W,E0_N40
G23_027087_2234_XN_43N358W,E0_N44
G23_027100_2228_XN_42N353W,E4_N40
G23_027100_2228_XN_42N353W,E4_N44
G23_027113_2170_XN_37N348W,E8_N32
G23_027113_2170_XN_37N348W,E8_N36
G23_027140_2275_XN_47N006W,E-8_N44
G23_027153_2179_XN_37N359W,E0_N36
G23_027271_2293_XN_49N342W,E16_N44
G23_027272_2152_XN_35N007W,E-8_N32
G23_027351_2202_XN_40N005W,E-8_N36
G23_027351_2202_XN_40N005W,E-8_N40
J01_045034_2160_XN_36N356W,E0_N32
J01_045034_2160_XN_36N356W,E0_N36
J01_045060_2177_XI_37N349W,E8_N32
J01_045060_2177_XI_37N349W,E8_N36
J01_045060_2177_XI_37N349W,E8_N40
J01_045113_2257_XI_45N355W,E4_N44
J01_045126_2244_XI_44N345W,E12_N44
J01_045139_2268_XI_46N346W,E12_N44
J01_045166_2154_XN_35N359W,E0_N32
J01_045205_2297_XI_49N349W,E8_N44
J01_045245_2135_XN_33N355W,E4_N32
J01_045258_2194_XI_39N352W,E4_N36
J01_045258_2194_XI_39N352W,E4_N40
J01_045285_2149_XN_34N007W,E-8_N32
J01_045298_2193_XI_39N003W,E-4_N36
J01_045324_2181_XN_38N356W,E0_N36
J01_045324_2181_XN_38N356W,E4_N36
J01_045351_2223_XI_42N010W,E-12_N36
J01_045351_2223_XI_42N010W,E-12_N40
J01_045351_2223_XI_42N010W,E-12_N44
J01_045364_2156_XI_35N006W,E-8_N32
J01_045364_2156_XI_35N006W,E-8_N36
J02_045377_2172_XN_37N358W,E0_N36
J02_045390_2214_XI_41N353W,E4_N36
J02_045390_2214_XI_41N353W,E4_N40
J02_045403_2180_XI_38N350W,E8_N32
J02_045403_2180_XI_38N350W,E8_N36
J02_045416_2248_XI_44N348W,E8_N40
J02_045416_2248_XI_44N348W,E8_N44
J02_045417_2191_XN_39N011W,E-12_N36
J02_045443_2161_XN_36N359W,E0_N32
J02_045443_2161_XN_36N359W,E0_N36
J02_045456_2195_XI_39N352W,E4_N36
J02_045456_2195_XI_39N352W,E4_N40
J02_045456_2195_XI_39N352W,E8_N36
J02_045456_2195_XI_39N352W,E8_N40
J02_045522_2173_XN_37N358W,E0_N32
J02_045522_2173_XN_37N358W,E0_N36
J02_045535_2217_XI_41N354W,E4_N40
J02_045588_2173_XN_37N358W,E0_N32
J02_045588_2173_XN_37N358W,E0_N36
J02_045627_2256_XI_45N349W,E8_N40
J02_045627_2256_XI_45N349W,E8_N44
J02_045628_2124_XN_32N011W,E-12_N32
J02_045641_2197_XI_39N010W,E-12_N36
J02_045641_2197_XI_39N010W,E-12_N40
J02_045707_2261_XN_46N010W,E-12_N44
J02_045733_2212_XN_41N359W,E0_N40
J03_045773_2266_XN_46N011W,E-12_N44
J03_045799_2204_XN_40N002W,E-4_N36
J03_045799_2204_XN_40N002W,E-4_N40
J03_045865_2199_XN_39N003W,E-4_N36
J03_045865_2199_XN_39N003W,E-4_N40
J03_045878_2226_XI_42N355W,E4_N40
J03_045878_2226_XI_42N355W,E4_N44
J03_045891_2151_XI_35N353W,E4_N32
J03_045891_2151_XI_35N353W,E4_N36
J03_045918_2153_XI_35N008W,E-12_N32
J03_045918_2153_XI_35N008W,E-12_N36
J03_045944_2168_XN_36N000W,E-4_N32
J03_045944_2168_XN_36N000W,E-4_N36
J03_045944_2168_XN_36N000W,E0_N32
J03_045944_2168_XN_36N000W,E0_N36
J03_045997_2221_XN_42N007W,E-8_N40
J03_046010_2149_XN_34N358W,E0_N32
J03_046010_2149_XN_34N358W,E0_N36
J03_046036_2157_XN_35N351W,E4_N36
J03_046036_2157_XN_35N351W,E8_N32
J03_046036_2157_XN_35N351W,E8_N36
J03_046063_2204_XN_40N008W,E-12_N36
J03_046063_2204_XN_40N008W,E-12_N40
J03_046063_2204_XN_40N008W,E-8_N36
J03_046076_2151_XI_35N006W,E-8_N32
J03_046102_2206_XI_40N353W,E4_N36
J03_046102_2206_XI_40N353W,E4_N40
J03_046115_2227_XN_42N349W,E8_N40
J03_046142_2165_XN_36N004W,E-8_N32
J03_046142_2165_XN_36N004W,E-8_N36
J04_046168_2212_XI_41N354W,E4_N36
J04_046168_2212_XI_41N354W,E4_N40
J04_046181_2157_XN_35N351W,E4_N36
J04_046181_2157_XN_35N351W,E8_N32
J04_046181_2157_XN_35N351W,E8_N36
J04_046221_2168_XN_36N000W,E-4_N32
J04_046221_2168_XN_36N000W,E-4_N36
J04_046221_2168_XN_36N000W,E0_N32
J04_046247_2158_XN_35N351W,E8_N32
J04_046247_2158_XN_35N351W,E8_N36
J04_046273_2237_XN_43N342W,E16_N44
J04_046313_2189_XN_38N355W,E4_N36
J04_046313_2189_XN_38N355W,E4_N40
J04_046353_2205_XN_40N008W,E-12_N36
J04_046353_2205_XN_40N008W,E-12_N40
J04_046353_2205_XN_40N008W,E-8_N36
J04_046353_2205_XN_40N008W,E-8_N40
J04_046366_2233_XN_43N003W,E-4_N40
J04_046366_2233_XN_43N003W,E-4_N44
J04_046419_2153_XI_35N008W,E-12_N32
J04_046419_2153_XI_35N008W,E-12_N36
J04_046445_2120_XN_32N357W,E0_N32
J04_046458_2157_XN_35N351W,E8_N32
J04_046458_2157_XN_35N351W,E8_N36
J04_046498_2236_XN_43N006W,E-8_N40
J04_046498_2236_XN_43N006W,E-8_N44
J04_046511_2159_XN_35N359W,E0_N32
J04_046511_2159_XN_35N359W,E0_N36
J04_046524_2201_XN_40N355W,E0_N36
J04_046524_2201_XN_40N355W,E0_N40
J04_046524_2201_XN_40N355W,E4_N36
J04_046524_2201_XN_40N355W,E4_N40
J04_046537_2219_XI_41N351W,E8_N40
J04_046537_2219_XI_41N351W,E8_N44
J05_046550_2228_XI_42N346W,E12_N44
J05_046590_2160_XN_36N356W,E0_N32
J05_046590_2160_XN_36N356W,E0_N36
J05_046630_2274_XN_47N010W,E-12_N44
J05_046643_2165_XN_36N004W,E-8_N32
J05_046643_2165_XN_36N004W,E-8_N36
J05_046656_2186_XN_38N358W,E0_N36
J05_046709_2293_XN_49N007W,E-8_N44
J05_046788_2231_XN_43N006W,E-8_N40
J05_046788_2231_XN_43N006W,E-8_N44
J05_046867_2211_XN_41N359W,E0_N40
J05_046893_2156_XN_35N348W,E8_N32
J05_046906_2268_XI_46N346W,E12_N44
J05_046907_2223_XI_42N010W,E-12_N40
J06_046985_2245_XN_44N341W,E16_N44
J06_047025_2128_XN_32N351W,E4_N32
J06_047025_2128_XN_32N351W,E8_N32
J06_047091_2154_XN_35N355W,E4_N32
J06_047091_2154_XN_35N355W,E4_N36
J06_047131_2124_XN_32N006W,E-8_N32
J06_047144_2233_XN_43N002W,E-4_N40
J06_047144_2233_XN_43N002W,E-4_N44
J06_047197_2140_XN_34N008W,E-12_N32
J06_047223_2200_XN_40N359W,E0_N36
J06_047223_2200_XN_40N359W,E0_N40
J06_047236_2156_XN_35N353W,E4_N32
J06_047275_2252_XN_45N340W,E16_N44
J06_047289_2156_XN_35N001W,E-4_N32
J06_047289_2156_XN_35N001W,E-4_N36
J06_047315_2187_XN_38N350W,E8_N36
J07_047381_2208_XN_40N352W,E4_N40
J07_047434_2181_XN_38N359W,E0_N36
J07_047500_2166_XN_36N001W,E-4_N36
J09_048146_2153_XN_35N000W,E-4_N32
J09_048146_2153_XN_35N000W,E0_N32
J09_048159_2187_XN_38N355W,E4_N36
J09_048212_2138_XN_33N002W,E-4_N32
J09_048291_2167_XN_36N359W,E0_N36
J09_048370_2162_XN_36N358W,E0_N32
J09_048370_2162_XN_36N358W,E0_N36
J10_048594_2197_XN_39N353W,E4_N36
J10_048792_2167_XN_36N359W,E0_N36
J10_048845_2182_XN_38N005W,E-8_N36
J11_048924_2150_XN_35N003W,E-4_N32
J11_048950_2149_XN_34N352W,E4_N32
J11_049122_2209_XN_40N009W,E-12_N40
J11_049148_2157_XN_35N358W,E0_N32
J11_049293_2137_XN_33N356W,E0_N32
J12_049306_2158_XN_35N352W,E4_N32
J12_049306_2158_XN_35N352W,E4_N36
J12_049544_2203_XN_40N010W,E-12_N36
J12_049544_2203_XN_40N010W,E-12_N40
J13_049860_2164_XN_36N352W,E4_N32
J13_049860_2164_XN_36N352W,E4_N36
J13_049887_2203_XN_40N010W,E-12_N36
J14_050137_2188_XN_38N357W,E0_N36
J14_050176_2232_XN_43N344W,E12_N44
J14_050216_2161_XN_36N354W,E4_N32
J14_050216_2161_XN_36N354W,E4_N36
J14_050308_2227_XN_42N347W,E8_N40
J14_050414_2200_XN_40N002W,E-4_N36
J14_050414_2200_XN_40N002W,E-4_N40
J14_050427_2196_XN_39N353W,E4_N36
J14_050427_2196_XN_39N353W,E4_N40
J15_050480_2202_XI_40N004W,E-4_N36
J15_050480_2202_XI_40N004W,E-4_N40
J15_050480_2202_XI_40N004W,E-8_N36
J15_050480_2202_XI_40N004W,E-8_N40
J15_050519_2214_XN_41N348W,E8_N40
J15_050585_2227_XN_42N347W,E8_N40
J15_050625_2152_XN_35N002W,E-4_N32
J15_050743_2214_XN_41N348W,E8_N40
J15_050757_2208_XN_40N006W,E-8_N40
J15_050796_2171_XN_37N351W,E8_N32
J15_050796_2171_XN_37N351W,E8_N36
J15_050836_2207_XN_40N003W,E-4_N36
J15_050836_2207_XN_40N003W,E-4_N40
J16_050862_2196_XI_39N355W,E0_N40
J16_050862_2196_XI_39N355W,E4_N36
J16_050862_2196_XI_39N355W,E4_N40
J16_050875_2214_XN_41N348W,E8_N40
J16_050889_2223_XN_42N010W,E-12_N40
J16_050889_2223_XN_42N010W,E-12_N44
J16_050915_2157_XN_35N002W,E-4_N32
J16_050981_2219_XN_41N005W,E-8_N40
J16_051060_2158_XN_35N359W,E0_N32
J16_051060_2158_XN_35N359W,E0_N36
J16_051086_2169_XN_36N351W,E8_N32
J16_051086_2169_XN_36N351W,E8_N36
J16_051099_2232_XN_43N344W,E12_N44
J16_051100_2141_XN_34N010W,E-12_N32
J16_051126_2156_XN_35N358W,E0_N32
J16_051126_2156_XN_35N358W,E0_N36
J16_051192_2197_XI_39N003W,E-4_N36
J16_051192_2197_XI_39N003W,E-4_N40
J17_051310_2260_XI_46N345W,E12_N44
J17_051324_2208_XN_40N007W,E-8_N40
J18_051759_2206_XN_40N005W,E-8_N36
J18_051759_2206_XN_40N005W,E-8_N40
J18_051943_2271_XN_47N347W,E12_N44
J19_052088_2271_XN_47N347W,E12_N44
J19_052115_2173_XN_37N001W,E-4_N36
J19_052221_2147_XN_34N012W,E-12_N32
J19_052273_2187_XI_38N354W,E4_N32
J19_052273_2187_XI_38N354W,E4_N36
J19_052339_2276_XN_47N357W,E0_N44
J20_052418_2249_XI_44N354W,E4_N40
J20_052418_2249_XI_44N354W,E4_N44
J20_052523_2243_XN_44N341W,E16_N44
J20_052550_2233_XI_43N359W,E0_N40
J20_052550_2233_XI_43N359W,E0_N44
J20_052589_2280_XN_48N344W,E12_N44
J20_052642_2151_XN_35N350W,E8_N32
J20_052761_2168_XN_36N359W,E0_N36
J21_052814_2224_XI_42N010W,E-12_N40
J21_052814_2224_XI_42N010W,E-12_N44
J21_052906_2233_XI_43N359W,E0_N40
J21_052906_2233_XI_43N359W,E0_N44
J21_052946_2164_XI_36N010W,E-12_N32
J21_052946_2164_XI_36N010W,E-12_N36
J21_052972_2262_XI_46N001W,E-4_N40
J21_052972_2262_XI_46N001W,E-4_N44
J21_052998_2173_XI_37N349W,E8_N32
J21_052998_2173_XI_37N349W,E8_N36
J21_053091_2212_XN_41N009W,E-12_N40
J21_053104_2193_XI_39N003W,E-4_N36
J21_053130_2137_XI_33N352W,E4_N32
J21_053130_2137_XI_33N352W,E8_N32
J22_053209_2148_XN_34N350W,E8_N32
J22_053236_2191_XN_39N008W,E-12_N36
J22_053275_2120_XI_32N349W,E8_N32
J22_053302_2193_XI_39N011W,E-12_N36
J22_053499_2170_XI_37N348W,E8_N32
J22_053499_2170_XI_37N348W,E8_N36
K01_053605_2186_XI_38N002W,E-4_N36
K01_053658_2213_XN_41N010W,E-12_N40
K01_053671_2266_XN_46N006W,E-8_N44
K01_053697_2201_XI_40N356W,E0_N36
K01_053697_2201_XI_40N356W,E0_N40
K01_053697_2201_XI_40N356W,E4_N36
K01_053723_2261_XI_46N345W,E12_N44
K01_053737_2246_XI_44N005W,E-8_N40
K01_053737_2246_XI_44N005W,E-8_N44
K01_053763_2156_XN_35N356W,E0_N32
K01_053763_2156_XN_35N356W,E4_N32
K01_053763_2246_XN_44N357W,E0_N44
K01_053803_2165_XI_36N010W,E-12_N32
K01_053803_2165_XI_36N010W,E-12_N36
K01_053816_2154_XN_35N002W,E-4_N32
K01_053869_2266_XN_46N011W,E-12_N44
K01_053961_2233_XN_43N003W,E-4_N40
K01_053961_2233_XN_43N003W,E-4_N44
K01_053974_2284_XN_48N358W,E0_N44
K02_053987_2264_XI_46N354W,E4_N44
K02_054000_2257_XN_45N347W,E12_N44
K02_054014_2140_XI_34N011W,E-12_N32
K02_054080_2158_XI_35N010W,E-12_N32
K02_054159_2164_XI_36N007W,E-12_N36
K02_054159_2164_XI_36N007W,E-8_N32
K02_054159_2164_XI_36N007W,E-8_N36
K03_054449_2299_XN_49N007W,E-8_N44
K03_054514_2235_XN_43N340W,E16_N44
K03_054541_2273_XN_47N358W,E0_N44
K03_054620_2250_XN_45N354W,E4_N44
K03_054633_2211_XN_41N349W,E8_N40
K03_054659_2256_XN_45N339W,E16_N44
K03_054660_2181_XN_38N005W,E-8_N32
K03_054660_2181_XN_38N005W,E-8_N36
K03_054673_2205_XN_40N000W,E-4_N36
K03_054673_2205_XN_40N000W,E-4_N40
K03_054686_2237_XN_43N356W,E0_N40
K03_054686_2237_XN_43N356W,E0_N44
K03_054686_2237_XN_43N356W,E4_N40
K03_054699_2219_XN_41N351W,E8_N40
K03_054725_2281_XN_48N341W,E16_N44
K04_054752_2182_XN_38N357W,E0_N36
K04_054765_2209_XN_40N352W,E4_N40
K04_054831_2171_XN_37N353W,E4_N36
K04_054870_2270_XN_47N340W,E16_N44
K04_054871_2244_XN_44N006W,E-8_N40
K04_054910_2218_XN_41N351W,E8_N40
K04_054923_2229_XN_42N346W,E12_N44
K04_054924_2132_XN_33N012W,E-12_N32
K04_054950_2213_XN_41N003W,E-4_N40
K04_054963_2209_XN_40N358W,E0_N36
K04_054963_2209_XN_40N358W,E0_N40
K04_054976_2210_XN_41N352W,E4_N40
K04_054989_2269_XN_46N348W,E8_N44
K04_055003_2231_XN_43N010W,E-12_N40
K04_055016_2123_XN_32N003W,E-4_N32
K04_055029_2115_XN_31N358W,E0_N32
K04_055042_2186_XN_38N354W,E4_N36
K04_055068_2264_XN_46N345W,E12_N44
K04_055069_2208_XN_40N011W,E-12_N40
K04_055095_2156_XN_35N000W,E-4_N32
K04_055095_2156_XN_35N000W,E-4_N36
K04_055121_2218_XN_41N351W,E8_N40
K04_055121_2218_XN_41N351W,E8_N44
K05_055214_2153_XI_35N009W,E-12_N32
K05_055227_2175_XN_37N004W,E-4_N32
K05_055227_2175_XN_37N004W,E-4_N36
K05_055227_2175_XN_37N004W,E-8_N32
K05_055227_2175_XN_37N004W,E-8_N36
K05_055253_2256_XN_45N355W,E4_N40
K05_055253_2256_XN_45N355W,E4_N44
K05_055266_2219_XN_41N349W,E8_N40
K05_055280_2134_XN_33N010W,E-12_N32
K05_055306_2200_XN_40N001W,E-4_N36
K05_055306_2200_XN_40N001W,E-4_N40
K05_055332_2130_XI_33N350W,E8_N32
K05_055411_2216_XN_41N349W,E8_N36
K05_055411_2216_XN_41N349W,E8_N40
K05_055438_2243_XN_44N005W,E-8_N44
K05_055451_2172_XN_37N358W,E0_N36
K05_055464_2168_XN_36N353W,E4_N32
K05_055464_2168_XN_36N353W,E4_N36
K05_055477_2183_XI_38N348W,E8_N32
K05_055477_2183_XI_38N348W,E8_N36
K05_055517_2171_XN_37N001W,E-4_N36
K06_055543_2212_XN_41N350W,E8_N36
K06_055543_2212_XN_41N350W,E8_N40
K08_056559_2139_XN_33N001W,E-4_N32
K11_057786_2188_XN_38N011W,E-12_N36
P01_001334_2213_XI_41N348W,E8_N40
P01_001414_2164_XI_36N008W,E-12_N36
P01_001440_2174_XI_37N358W,E0_N36
P01_001466_2215_XI_41N348W,E8_N40
P02_001810_2175_XI_37N012W,E-12_N36
P02_001928_2264_XI_46N354W,E4_N44
P02_001968_2164_XI_36N008W,E-12_N32
P02_001968_2164_XI_36N008W,E-12_N36
P02_001994_2143_XI_34N355W,E4_N32
P03_002100_2223_XN_42N010W,E-12_N40
P03_002139_2209_XN_40N354W,E4_N40
P03_002166_2204_XN_40N011W,E-12_N36
P03_002166_2204_XN_40N011W,E-12_N40
P03_002271_2135_XN_33N357W,E0_N32
P03_002284_2181_XN_38N353W,E4_N36
P04_002508_2218_XI_41N348W,E8_N36
P04_002508_2218_XI_41N348W,E8_N40
P04_002587_2231_XN_43N346W,E12_N44
P04_002719_2143_XN_34N348W,E8_N32
P04_002746_2208_XI_40N006W,E-8_N40
P05_003089_2211_XN_41N011W,E-12_N36
P05_003089_2211_XN_41N011W,E-12_N40
P06_003234_2212_XN_41N009W,E-12_N40
P06_003247_2161_XN_36N003W,E-4_N32
P06_003247_2161_XN_36N003W,E-4_N36
P06_003445_2163_XI_36N009W,E-12_N32
P06_003445_2163_XI_36N009W,E-12_N36
P13_005950_2100_XN_30N357W,E0_N32
P13_006135_2174_XN_37N010W,E-12_N32
P13_006135_2174_XN_37N010W,E-12_N36
P13_006174_2196_XN_39N355W,E4_N36
P13_006174_2196_XN_39N355W,E4_N40
P13_006201_2100_XN_30N011W,E-12_N32
P13_006253_2192_XN_39N352W,E4_N36
P13_006253_2192_XN_39N352W,E4_N40
P13_006253_2192_XN_39N352W,E8_N36
P13_006279_2234_XN_43N342W,E16_N44
P14_006464_2163_XI_36N352W,E4_N32
P14_006464_2163_XI_36N352W,E4_N36
P14_006464_2214_XN_41N353W,E4_N40
P14_006477_2172_XN_37N347W,E8_N36
P14_006570_2241_XN_44N008W,E-12_N40
P14_006570_2241_XN_44N008W,E-12_N44
P14_006570_2241_XN_44N008W,E-8_N40
P14_006570_2241_XN_44N008W,E-8_N44
P14_006622_2219_XI_41N348W,E8_N40
P14_006635_2267_XN_46N343W,E16_N44
P14_006636_2258_XI_45N011W,E-12_N44
P14_006649_2232_XI_43N005W,E-8_N40
P14_006688_2144_XI_34N347W,E8_N32
P14_006701_2263_XI_46N344W,E12_N44
P14_006702_2217_XN_41N011W,E-12_N40
P15_006714_2256_XI_45N340W,E16_N44
P15_006728_2144_XN_34N000W,E-4_N32
P15_006754_2196_XI_39N351W,E4_N40
P15_006754_2196_XI_39N351W,E8_N36
P15_006754_2196_XI_39N351W,E8_N40
P15_006794_2200_XN_40N003W,E-4_N36
P15_006794_2200_XN_40N003W,E-4_N40
P15_006807_2187_XN_38N358W,E0_N36
P15_006820_2256_XN_45N353W,E4_N44
P15_006833_2144_XN_34N347W,E8_N32
P15_006847_2266_XN_46N011W,E-12_N44
P15_006925_2229_XN_42N340W,E16_N44
P15_006952_2201_XN_40N357W,E0_N36
P15_006952_2201_XN_40N357W,E0_N40
P15_006965_2224_XN_42N352W,E4_N40
P15_006992_2194_XN_39N009W,E-12_N40
P15_007005_2216_XN_41N005W,E-8_N40
P15_007018_2264_XN_46N000W,E-4_N44
P15_007031_2222_XN_42N355W,E4_N40
P15_007044_2222_XN_42N349W,E8_N40
P15_007058_2266_XI_46N011W,E-12_N44
P16_007123_2241_XN_44N347W,E12_N44
P16_007163_2264_XN_46N359W,E-4_N44
P16_007163_2264_XN_46N359W,E0_N44
P16_007176_2208_XN_40N353W,E4_N36
P16_007176_2208_XN_40N353W,E4_N40
P16_007203_2222_XN_42N011W,E-12_N40
P16_007215_2254_XN_45N339W,E16_N44
P16_007216_2248_XN_44N006W,E-8_N40
P16_007216_2248_XN_44N006W,E-8_N44
P16_007229_2192_XN_39N000W,E-4_N36
P16_007229_2192_XN_39N000W,E-4_N40
P16_007242_2159_XN_35N355W,E4_N32
P16_007242_2159_XN_35N355W,E4_N36
P16_007255_2202_XN_40N350W,E8_N36
P16_007255_2202_XN_40N350W,E8_N40
P16_007348_2224_XI_42N010W,E-12_N40
P16_007374_2183_XI_38N000W,E-4_N32
P16_007374_2183_XI_38N000W,E-4_N36
P16_007374_2183_XI_38N000W,E-4_N40
P16_007374_2183_XI_38N000W,E0_N32
P16_007374_2183_XI_38N000W,E0_N36
P16_007387_2290_XN_49N356W,E0_N44
P16_007400_2202_XN_40N350W,E8_N36
P16_007400_2202_XN_40N350W,E8_N40
P16_007414_2191_XN_39N012W,E-12_N36
P16_007426_2266_XN_46N341W,E16_N44
P16_007427_2204_XN_40N007W,E-12_N40
P16_007427_2204_XN_40N007W,E-8_N36
P16_007427_2204_XN_40N007W,E-8_N40
P17_007492_2261_XN_46N344W,E12_N44
P17_007492_2261_XN_46N344W,E16_N44
P17_007493_2263_XN_46N010W,E-12_N44
P17_007506_2206_XN_40N005W,E-8_N36
P17_007506_2206_XN_40N005W,E-8_N40
P17_007519_2147_XN_34N359W,E-4_N32
P17_007519_2147_XN_34N359W,E-4_N36
P17_007519_2147_XN_34N359W,E0_N32
P17_007519_2147_XN_34N359W,E0_N36
P17_007532_2184_XN_38N354W,E4_N36
P17_007572_2190_XN_39N006W,E-8_N36
P17_007585_2149_XN_34N001W,E-4_N32
P17_007585_2149_XN_34N001W,E-4_N36
P17_007611_2238_XN_43N352W,E4_N40
P17_007611_2238_XN_43N352W,E4_N44
P17_007611_2238_XN_43N352W,E8_N40
P17_007638_2193_XN_39N008W,E-12_N36
P17_007638_2193_XN_39N008W,E-12_N40
P17_007651_2126_XN_32N003W,E-4_N32
P17_007664_2157_XN_35N359W,E0_N32
P17_007677_2287_XN_48N355W,E4_N44
P17_007690_2141_XN_34N348W,E8_N32
P17_007690_2141_XN_34N348W,E8_N36
P17_007704_2223_XI_42N011W,E-12_N36
P17_007704_2223_XI_42N011W,E-12_N40
P17_007704_2223_XI_42N011W,E-12_N44
P17_007717_2189_XN_38N006W,E-8_N36
P17_007730_2176_XI_37N001W,E-4_N32
P17_007730_2176_XI_37N001W,E-4_N36
P17_007743_2169_XN_36N355W,E4_N36
P17_007756_2202_XI_40N351W,E8_N36
P17_007756_2202_XI_40N351W,E8_N40
P17_007783_2217_XN_41N008W,E-12_N36
P17_007783_2217_XN_41N008W,E-12_N40
P17_007796_2200_XN_40N003W,E-4_N36
P17_007796_2200_XN_40N003W,E-4_N40
P17_007809_2169_XN_36N358W,E0_N32
P17_007809_2169_XN_36N358W,E0_N36
P17_007822_2126_XN_32N352W,E4_N32
P17_007835_2249_XN_44N349W,E8_N40
P17_007835_2249_XN_44N349W,E8_N44
P17_007849_2255_XN_45N011W,E-12_N44
P18_007888_2206_XN_40N355W,E0_N40
P18_007888_2206_XN_40N355W,E4_N36
P18_007888_2206_XN_40N355W,E4_N40
P18_007901_2250_XN_45N351W,E4_N44
P18_007901_2250_XN_45N351W,E8_N40
P18_007901_2250_XN_45N351W,E8_N44
P18_007914_2270_XN_47N346W,E12_N44
P18_007915_2150_XN_35N012W,E-12_N32
P18_007941_2200_XN_40N002W,E-4_N36
P18_007941_2200_XN_40N002W,E-4_N40
P18_007954_2150_XN_35N357W,E0_N32
P18_007954_2150_XN_35N357W,E0_N36
P18_008046_2253_XN_45N350W,E8_N40
P18_008046_2253_XN_45N350W,E8_N44
P18_008112_2251_XI_45N352W,E4_N40
P18_008112_2251_XI_45N352W,E4_N44
P18_008112_2251_XI_45N352W,E8_N40
P18_008112_2251_XI_45N352W,E8_N44
P18_008231_2166_XI_36N001W,E-4_N36
P19_008349_2220_XN_42N344W,E12_N44
P19_008429_2226_XN_42N009W,E-12_N40
P19_008508_2245_XN_44N007W,E-12_N44
P19_008508_2245_XN_44N007W,E-8_N40
P19_008508_2245_XN_44N007W,E-8_N44
P19_008560_2245_XN_44N346W,E12_N44
P19_008573_2263_XI_46N342W,E16_N44
P19_008600_2212_XI_41N358W,E0_N36
P19_008600_2212_XI_41N358W,E0_N40
P19_008640_2163_XI_36N010W,E-12_N32
P19_008653_2185_XI_38N005W,E-8_N36
P20_008719_2181_XN_38N007W,E-12_N36
P20_008719_2181_XN_38N007W,E-8_N32
P20_008719_2181_XN_38N007W,E-8_N36
P20_008745_2214_XN_41N358W,E0_N40
P20_008758_2277_XN_47N354W,E4_N44
P20_008798_2174_XN_37N005W,E-8_N36
P20_008851_2163_XN_36N012W,E-12_N32
P20_008851_2163_XN_36N012W,E-12_N36
P20_008863_2272_XN_47N341W,E16_N44
P20_008864_2167_XN_36N007W,E-8_N32
P20_008864_2167_XN_36N007W,E-8_N36
P20_008903_2193_XN_39N352W,E4_N36
P20_008903_2193_XN_39N352W,E4_N40
P20_008916_2249_XN_44N348W,E12_N44
P20_008916_2249_XN_44N348W,E8_N40
P20_008916_2249_XN_44N348W,E8_N44
P20_008943_2175_XI_37N004W,E-8_N36
P20_008956_2197_XN_39N000W,E-4_N36
P20_008956_2197_XN_39N000W,E-4_N40
P20_008956_2197_XN_39N000W,E0_N36
P20_008956_2197_XN_39N000W,E0_N40
P20_008969_2184_XN_38N354W,E4_N36
P20_009022_2200_XN_40N002W,E-4_N36
P20_009022_2200_XN_40N002W,E-4_N40
P20_009035_2240_XI_44N357W,E0_N40
P20_009035_2240_XI_44N357W,E0_N44
P21_009088_2173_XI_37N004W,E-8_N32
P21_009088_2173_XI_37N004W,E-8_N36
P21_009101_2208_XN_40N359W,E0_N36
P21_009101_2208_XN_40N359W,E0_N40
P21_009141_2166_XN_36N010W,E-12_N32
P21_009141_2166_XN_36N010W,E-12_N36
P21_009154_2175_XN_37N005W,E-8_N36
P21_009167_2201_XI_40N001W,E-4_N36
P21_009167_2201_XI_40N001W,E-4_N40
P21_009246_2240_XI_44N358W,E0_N40
P21_009246_2240_XI_44N358W,E0_N44
P21_009272_2280_XN_48N348W,E8_N44
P21_009312_2208_XN_40N359W,E-4_N40
P21_009312_2208_XN_40N359W,E0_N36
P21_009312_2208_XN_40N359W,E0_N40
P21_009325_2160_XN_36N354W,E4_N32
P21_009325_2160_XN_36N354W,E4_N36
P21_009338_2253_XN_45N350W,E8_N40
P21_009338_2253_XN_45N350W,E8_N44
P21_009365_2169_XN_36N006W,E-8_N32
P21_009365_2169_XN_36N006W,E-8_N36
P21_009378_2200_XI_40N002W,E-4_N36
P21_009378_2200_XI_40N002W,E-4_N40
P21_009391_2238_XI_43N357W,E0_N40
P21_009391_2238_XI_43N357W,E0_N44
P21_009431_2171_XN_37N008W,E-12_N32
P21_009431_2171_XN_37N008W,E-12_N36
P21_009431_2171_XN_37N008W,E-8_N32
P21_009431_2171_XN_37N008W,E-8_N36
P22_009483_2274_XN_47N349W,E8_N44
P22_009497_2213_XI_41N009W,E-12_N40
P22_009523_2165_XN_36N001W,E-4_N36
P22_009549_2289_XN_48N351W,E8_N44
P22_009602_2210_XN_41N357W,E0_N36
P22_009602_2210_XN_41N357W,E0_N40
P22_009642_2216_XN_41N009W,E-12_N40
P22_009681_2243_XI_44N355W,E4_N40
P22_009681_2243_XI_44N355W,E4_N44
P22_009694_2267_XN_46N350W,E8_N40
P22_009694_2267_XN_46N350W,E8_N44
P22_009747_2239_XN_43N356W,E0_N40
P22_009747_2239_XN_43N356W,E0_N44
P22_009760_2250_XI_45N352W,E4_N44
P22_009760_2250_XI_45N352W,E8_N40
P22_009760_2250_XI_45N352W,E8_N44
P22_009787_2277_XN_47N009W,E-12_N44
P22_009826_2221_XN_42N355W,E4_N40
T01_000807_2205_XN_40N010W,E-12_N40
