arm,tile,generation,grid_id,cell_row0,cell_col0,raster_shape,n_layers,n_predicted_tiles,n_unique_cells,abundance_mean,prob_mean,rich_share_at_0p5,head_digest,calibration_digest,n_windows,elapsed_s,cost_s,overlap_verdict,overlap_gate_layer,overlap_n_dup,overlap_n_disagree,overlap_fraction,overlap_max_abs,overlap_scalar_legacy,overlap_note,device,device_inferred,device_evidence,abundance_n_finite,abundance_sha256_present,prob_n_finite,prob_sha256_present,prob_raw_n_finite,prob_raw_sha256_present,n_masked_nodata,n_masked_context_nodata,tile_cells,raster_nodata,nodata_reconciles,n_unique_cells_matches_raster,a1_arm,a1_clip_floor,a1_clip_fraction,a1_n_frames,a1_n_frames_too_small,a1_min_frame_px,a1_fallback_pixel_fraction
a1,E-12_N32,g1_scalar_only,murray_v01_clon0_R3396190_ppd11855_S32_anchor_lonlat0,-13336,-4445,1479x1479,3,2251500,,0.0011489736523647898,0.1495674111509591,0.01531512325116589,da0e423f32ddbdab7f2fdf4e863f6caaebcac3eedc76551a0f84c463cc6388be,6f2d7a77b5e70a0cff2a932f937ea6e3ffddd39bad2ccc8c3b6413b0315d690e,144,,,unknown_on_gate_layer,,,,,,0,"scalar counted on the CALIBRATED prob layer; isotonic collapses raw fp16 disagreements onto shared knots, so its 0 is not evidence",Pascal (P100 / TITAN Xp),True,run logs; the field postdates these renders (DECISIONS 2026-08-24e),2187441,True,2187441,True,2187441,True,0,0,2187441,0,True,,a1_native_perframe_tilesupport_v2,1.0,0.00021392774814329126,71.0,0.0,50.0,0.00010287209731107971
a1,E-12_N36,g1_scalar_only,murray_v01_clon0_R3396190_ppd11855_S32_anchor_lonlat0,-14818,-4445,1479x1479,3,2250000,,0.0025834069992740454,0.17584553442758985,0.03280711111111111,da0e423f32ddbdab7f2fdf4e863f6caaebcac3eedc76551a0f84c463cc6388be,6f2d7a77b5e70a0cff2a932f937ea6e3ffddd39bad2ccc8c3b6413b0315d690e,144,,,unknown_on_gate_layer,,,,,,0,"scalar counted on the CALIBRATED prob layer; isotonic collapses raw fp16 disagreements onto shared knots, so its 0 is not evidence",Pascal (P100 / TITAN Xp),True,run logs; the field postdates these renders (DECISIONS 2026-08-24e),2187441,True,2187441,True,2187441,True,0,0,2187441,0,True,,a1_native_perframe_tilesupport_v2,1.0,0.00019000902049775146,81.0,1.0,50.0,8.114134289260999e-05
a1,E-12_N40,g1_scalar_only,murray_v01_clon0_R3396190_ppd11855_S32_anchor_lonlat0,-16300,-4445,1479x1479,3,2250000,,0.0073668557065949035,0.26506946599105996,0.1574271111111111,da0e423f32ddbdab7f2fdf4e863f6caaebcac3eedc76551a0f84c463cc6388be,6f2d7a77b5e70a0cff2a932f937ea6e3ffddd39bad2ccc8c3b6413b0315d690e,144,,,unknown_on_gate_layer,,,,,,0,"scalar counted on the CALIBRATED prob layer; isotonic collapses raw fp16 disagreements onto shared knots, so its 0 is not evidence",Pascal (P100 / TITAN Xp),True,run logs; the field postdates these renders (DECISIONS 2026-08-24e),2187441,True,2187441,True,2187441,True,0,0,2187441,0,True,,a1_native_perframe_tilesupport_v2,1.0,2.175343462878544e-05,62.0,0.0,50.0,9.589815500488097e-05
a1,E-12_N44,g1_scalar_only,murray_v01_clon0_R3396190_ppd11855_S32_anchor_lonlat0,-17782,-4445,1479x1479,3,2250000,,0.007988104224235909,0.27852234285408256,0.17130533333333334,da0e423f32ddbdab7f2fdf4e863f6caaebcac3eedc76551a0f84c463cc6388be,6f2d7a77b5e70a0cff2a932f937ea6e3ffddd39bad2ccc8c3b6413b0315d690e,144,,,unknown_on_gate_layer,,,,,,0,"scalar counted on the CALIBRATED prob layer; isotonic collapses raw fp16 disagreements onto shared knots, so its 0 is not evidence",Pascal (P100 / TITAN Xp),True,run logs; the field postdates these renders (DECISIONS 2026-08-24e),2187441,True,2187441,True,2187441,True,0,0,2187441,0,True,,a1_native_perframe_tilesupport_v2,1.0,2.276025808122575e-06,58.0,2.0,50.0,9.261930813442287e-05
a1,E-4_N32,g2_raw_fraction,murray_v01_clon0_R3396190_ppd11855_S32_anchor_lonlat0,-13336,-1481,1479x1479,3,2253001,,0.00041723611018780905,0.13639085630562803,0.0022006204169461086,da0e423f32ddbdab7f2fdf4e863f6caaebcac3eedc76551a0f84c463cc6388be,6f2d7a77b5e70a0cff2a932f937ea6e3ffddd39bad2ccc8c3b6413b0315d690e,144,,,pass,prob_raw,64592.0,12.0,0.00018578,1.4251098036766052e-05,12,"RAW fraction, any magnitude, pre-1e-6-floor: an UPPER BOUND on the gate quantity, not the gate quantity itself",NVIDIA GeForce RTX 2080 Ti,False,recorded in sidecar,2187441,True,2187441,True,2187441,True,0,0,2187441,0,True,,a1_native_perframe_tilesupport_v2,1.0,0.0001201882155050456,51.0,0.0,50.0,9.975423546260132e-05
a1,E-4_N36,g2_raw_fraction,murray_v01_clon0_R3396190_ppd11855_S32_anchor_lonlat0,-14818,-1481,1479x1479,3,2250314,,0.001183076895994968,0.1494268983933972,0.008545029715852987,da0e423f32ddbdab7f2fdf4e863f6caaebcac3eedc76551a0f84c463cc6388be,6f2d7a77b5e70a0cff2a932f937ea6e3ffddd39bad2ccc8c3b6413b0315d690e,144,,,pass,prob_raw,63135.0,6.0,9.503e-05,0.00015375763177871704,6,"RAW fraction, any magnitude, pre-1e-6-floor: an UPPER BOUND on the gate quantity, not the gate quantity itself",NVIDIA GeForce RTX 2080 Ti,False,recorded in sidecar,2186255,True,2186255,True,2186255,True,808,378,2187441,1186,True,,a1_native_perframe_tilesupport_v2,1.0,2.5880741652789742e-05,58.0,2.0,50.0,9.223058738716539e-05
a1,E-4_N40,g2_raw_fraction,murray_v01_clon0_R3396190_ppd11855_S32_anchor_lonlat0,-16300,-1481,1479x1479,3,2251500,,0.002072832479078115,0.1675339432622482,0.028136353542083055,da0e423f32ddbdab7f2fdf4e863f6caaebcac3eedc76551a0f84c463cc6388be,6f2d7a77b5e70a0cff2a932f937ea6e3ffddd39bad2ccc8c3b6413b0315d690e,144,,,pass,prob_raw,63135.0,6.0,9.503e-05,0.0002474784851074219,6,"RAW fraction, any magnitude, pre-1e-6-floor: an UPPER BOUND on the gate quantity, not the gate quantity itself",NVIDIA GeForce RTX 2080 Ti,False,recorded in sidecar,2187441,True,2187441,True,2187441,True,0,0,2187441,0,True,,a1_native_perframe_tilesupport_v2,1.0,0.0006235990523051899,59.0,1.0,50.0,9.977647096282016e-05
a1,E-4_N44,g2_raw_fraction,murray_v01_clon0_R3396190_ppd11855_S32_anchor_lonlat0,-17782,-1481,1479x1479,3,2250815,,0.0031375991624675603,0.19039606336428525,0.04565723971094914,da0e423f32ddbdab7f2fdf4e863f6caaebcac3eedc76551a0f84c463cc6388be,6f2d7a77b5e70a0cff2a932f937ea6e3ffddd39bad2ccc8c3b6413b0315d690e,144,,,pass,prob_raw,63135.0,6.0,9.503e-05,1.6335397958755493e-05,6,"RAW fraction, any magnitude, pre-1e-6-floor: an UPPER BOUND on the gate quantity, not the gate quantity itself",NVIDIA GeForce RTX 2080 Ti,False,recorded in sidecar,2186756,True,2186756,True,2186756,True,51,634,2187441,685,True,,a1_native_perframe_tilesupport_v2,1.0,1.1994136214896764e-06,31.0,0.0,50.0,7.781912982673944e-05
a1,E-8_N32,g1_scalar_only,murray_v01_clon0_R3396190_ppd11855_S32_anchor_lonlat0,-13336,-2963,1479x1479,3,2249918,,0.0005419644715386072,0.13893066147639552,0.004868621878664023,da0e423f32ddbdab7f2fdf4e863f6caaebcac3eedc76551a0f84c463cc6388be,6f2d7a77b5e70a0cff2a932f937ea6e3ffddd39bad2ccc8c3b6413b0315d690e,144,,,unknown_on_gate_layer,,,,,,0,"scalar counted on the CALIBRATED prob layer; isotonic collapses raw fp16 disagreements onto shared knots, so its 0 is not evidence",Pascal (P100 / TITAN Xp),True,run logs; the field postdates these renders (DECISIONS 2026-08-24e),2185859,True,2185859,True,2185859,True,1295,287,2187441,1582,True,,a1_native_perframe_tilesupport_v2,1.0,0.00011847053318006838,54.0,0.0,50.0,0.00010796398574108856
a1,E-8_N36,g1_scalar_only,murray_v01_clon0_R3396190_ppd11855_S32_anchor_lonlat0,-14818,-2963,1479x1479,3,2250000,,0.002907376559449739,0.18651548406466592,0.052538666666666664,da0e423f32ddbdab7f2fdf4e863f6caaebcac3eedc76551a0f84c463cc6388be,6f2d7a77b5e70a0cff2a932f937ea6e3ffddd39bad2ccc8c3b6413b0315d690e,144,,,unknown_on_gate_layer,,,,,,0,"scalar counted on the CALIBRATED prob layer; isotonic collapses raw fp16 disagreements onto shared knots, so its 0 is not evidence",Pascal (P100 / TITAN Xp),True,run logs; the field postdates these renders (DECISIONS 2026-08-24e),2187441,True,2187441,True,2187441,True,0,0,2187441,0,True,,a1_native_perframe_tilesupport_v2,1.0,6.204193757659017e-05,50.0,1.0,50.0,8.601225158277881e-05
a1,E-8_N40,g1_scalar_only,murray_v01_clon0_R3396190_ppd11855_S32_anchor_lonlat0,-16300,-2963,1479x1479,3,2250000,,0.00918030212679247,0.2932031971581313,0.20710266666666666,da0e423f32ddbdab7f2fdf4e863f6caaebcac3eedc76551a0f84c463cc6388be,6f2d7a77b5e70a0cff2a932f937ea6e3ffddd39bad2ccc8c3b6413b0315d690e,144,,,unknown_on_gate_layer,,,,,,0,"scalar counted on the CALIBRATED prob layer; isotonic collapses raw fp16 disagreements onto shared knots, so its 0 is not evidence",Pascal (P100 / TITAN Xp),True,run logs; the field postdates these renders (DECISIONS 2026-08-24e),2187441,True,2187441,True,2187441,True,0,0,2187441,0,True,,a1_native_perframe_tilesupport_v2,1.0,1.977314097431693e-05,39.0,0.0,50.0,9.296040070860823e-05
a1,E-8_N44,g2_raw_fraction,murray_v01_clon0_R3396190_ppd11855_S32_anchor_lonlat0,-17782,-2963,1479x1479,3,2250000,,0.007421291026044923,0.28288161623352104,0.15520355555555557,da0e423f32ddbdab7f2fdf4e863f6caaebcac3eedc76551a0f84c463cc6388be,6f2d7a77b5e70a0cff2a932f937ea6e3ffddd39bad2ccc8c3b6413b0315d690e,144,,,pass,prob_raw,61677.0,0.0,0.0,0.0,0,"RAW fraction, any magnitude, pre-1e-6-floor: an UPPER BOUND on the gate quantity, not the gate quantity itself",NVIDIA GeForce RTX 2080 Ti,False,recorded in sidecar,2187441,True,2187441,True,2187441,True,0,0,2187441,0,True,,a1_native_perframe_tilesupport_v2,1.0,4.135803051101982e-08,32.0,0.0,50.0,8.845771190302276e-05
a1,E0_N32,g2_raw_fraction,murray_v01_clon0_R3396190_ppd11855_S32_anchor_lonlat0,-13336,0,1479x1479,3,2267909,,0.0006559759595080234,0.14074653754422045,0.004444622778074429,da0e423f32ddbdab7f2fdf4e863f6caaebcac3eedc76551a0f84c463cc6388be,6f2d7a77b5e70a0cff2a932f937ea6e3ffddd39bad2ccc8c3b6413b0315d690e,144,,,pass,prob_raw,79162.0,226.0,0.00285491,0.0002727508544921875,226,"RAW fraction, any magnitude, pre-1e-6-floor: an UPPER BOUND on the gate quantity, not the gate quantity itself",NVIDIA GeForce RTX 2080 Ti,False,recorded in sidecar,2187339,True,2187339,True,2187339,True,48,54,2187441,102,True,,a1_native_perframe_tilesupport_v2,1.0,0.0008667540027575047,64.0,1.0,50.0,0.00011565071874652944
a1,E0_N36,g2_raw_fraction,murray_v01_clon0_R3396190_ppd11855_S32_anchor_lonlat0,-14818,0,1479x1479,3,2266500,,0.003947085415164661,0.2087092847692672,0.06511758217515994,da0e423f32ddbdab7f2fdf4e863f6caaebcac3eedc76551a0f84c463cc6388be,6f2d7a77b5e70a0cff2a932f937ea6e3ffddd39bad2ccc8c3b6413b0315d690e,144,,,pass,prob_raw,77715.0,242.0,0.00311394,0.0008427202701568604,242,"RAW fraction, any magnitude, pre-1e-6-floor: an UPPER BOUND on the gate quantity, not the gate quantity itself",NVIDIA GeForce RTX 2080 Ti,False,recorded in sidecar,2187441,True,2187441,True,2187441,True,0,0,2187441,0,True,,a1_native_perframe_tilesupport_v2,1.0,0.00038572189152597967,74.0,0.0,50.0,0.0001045797837322393
a1,E0_N40,g2_raw_fraction,murray_v01_clon0_R3396190_ppd11855_S32_anchor_lonlat0,-16300,0,1479x1479,3,2266500,,0.0052101842495479,0.23136921883723724,0.10336201191264063,da0e423f32ddbdab7f2fdf4e863f6caaebcac3eedc76551a0f84c463cc6388be,6f2d7a77b5e70a0cff2a932f937ea6e3ffddd39bad2ccc8c3b6413b0315d690e,144,,,pass,prob_raw,77715.0,242.0,0.00311394,0.0008238852024078369,242,"RAW fraction, any magnitude, pre-1e-6-floor: an UPPER BOUND on the gate quantity, not the gate quantity itself",NVIDIA GeForce RTX 2080 Ti,False,recorded in sidecar,2187441,True,2187441,True,2187441,True,0,0,2187441,0,True,,a1_native_perframe_tilesupport_v2,1.0,2.181791757958219e-05,47.0,0.0,50.0,8.345205608117912e-05
a1,E0_N44,g2_raw_fraction,murray_v01_clon0_R3396190_ppd11855_S32_anchor_lonlat0,-17782,0,1479x1479,3,2266500,,0.0038015049438439126,0.2043531910107115,0.06204235605559232,da0e423f32ddbdab7f2fdf4e863f6caaebcac3eedc76551a0f84c463cc6388be,6f2d7a77b5e70a0cff2a932f937ea6e3ffddd39bad2ccc8c3b6413b0315d690e,144,,,pass,prob_raw,77715.0,242.0,0.00311394,0.0007019937038421631,242,"RAW fraction, any magnitude, pre-1e-6-floor: an UPPER BOUND on the gate quantity, not the gate quantity itself",NVIDIA GeForce RTX 2080 Ti,False,recorded in sidecar,2187441,True,2187441,True,2187441,True,0,0,2187441,0,True,,a1_native_perframe_tilesupport_v2,1.0,3.012954758228069e-05,33.0,0.0,50.0,5.759928462167885e-05
a1,E12_N44,g2_raw_fraction,murray_v01_clon0_R3396190_ppd11855_S32_anchor_lonlat0,-17782,4446,1479x1479,3,2250000,,0.011613539261709601,0.3162350055300196,0.2303848888888889,da0e423f32ddbdab7f2fdf4e863f6caaebcac3eedc76551a0f84c463cc6388be,6f2d7a77b5e70a0cff2a932f937ea6e3ffddd39bad2ccc8c3b6413b0315d690e,144,,,pass,prob_raw,61677.0,0.0,0.0,0.0,0,"RAW fraction, any magnitude, pre-1e-6-floor: an UPPER BOUND on the gate quantity, not the gate quantity itself",NVIDIA GeForce RTX 2080 Ti,False,recorded in sidecar,2187441,True,2187441,True,2187441,True,0,0,2187441,0,True,,a1_native_perframe_tilesupport_v2,1.0,7.540903092175399e-05,56.0,0.0,50.0,8.318789833783313e-05
a1,E16_N44,g2_raw_fraction,murray_v01_clon0_R3396190_ppd11855_S32_anchor_lonlat0,-17782,5928,1479x1479,3,2250000,,0.01800009572612108,0.43179990507434474,0.3980137777777778,da0e423f32ddbdab7f2fdf4e863f6caaebcac3eedc76551a0f84c463cc6388be,6f2d7a77b5e70a0cff2a932f937ea6e3ffddd39bad2ccc8c3b6413b0315d690e,144,,,pass,prob_raw,61677.0,0.0,0.0,0.0,0,"RAW fraction, any magnitude, pre-1e-6-floor: an UPPER BOUND on the gate quantity, not the gate quantity itself",NVIDIA GeForce RTX 2080 Ti,False,recorded in sidecar,2187441,True,2187441,True,2187441,True,0,0,2187441,0,True,,a1_native_perframe_tilesupport_v2,1.0,0.00036600344988233863,37.0,0.0,50.0,0.0001599194968159301
a1,E4_N32,g2_raw_fraction,murray_v01_clon0_R3396190_ppd11855_S32_anchor_lonlat0,-13336,1482,1479x1479,3,2249896,,0.0016762194352878883,0.16043071289122837,0.01193832959390123,da0e423f32ddbdab7f2fdf4e863f6caaebcac3eedc76551a0f84c463cc6388be,6f2d7a77b5e70a0cff2a932f937ea6e3ffddd39bad2ccc8c3b6413b0315d690e,144,,,pass,prob_raw,63135.0,6.0,9.503e-05,5.08967787027359e-06,6,"RAW fraction, any magnitude, pre-1e-6-floor: an UPPER BOUND on the gate quantity, not the gate quantity itself",NVIDIA GeForce RTX 2080 Ti,False,recorded in sidecar,2185837,True,2185837,True,2185837,True,1206,398,2187441,1604,True,,a1_native_perframe_tilesupport_v2,1.0,0.00040601824209253353,52.0,0.0,50.0,0.00015710941800917144
a1,E4_N36,g2_raw_fraction,murray_v01_clon0_R3396190_ppd11855_S32_anchor_lonlat0,-14818,1482,1479x1479,3,2247138,,0.0035369526823405446,0.19921528952998824,0.05134798129887884,da0e423f32ddbdab7f2fdf4e863f6caaebcac3eedc76551a0f84c463cc6388be,6f2d7a77b5e70a0cff2a932f937ea6e3ffddd39bad2ccc8c3b6413b0315d690e,144,,,pass,prob_raw,61596.0,482.0,0.00782518,2.086162567138672e-07,482,"RAW fraction, any magnitude, pre-1e-6-floor: an UPPER BOUND on the gate quantity, not the gate quantity itself",NVIDIA GeForce RTX 2080 Ti,False,recorded in sidecar,2184660,True,2184660,True,2184660,True,5,2776,2187441,2781,True,,a1_native_perframe_tilesupport_v2,1.0,3.638244825809135e-05,61.0,0.0,50.0,9.631069238069667e-05
a1,E4_N40,g2_raw_fraction,murray_v01_clon0_R3396190_ppd11855_S32_anchor_lonlat0,-16300,1482,1479x1479,3,2250000,,0.005751117282546764,0.24243687034648656,0.12173022222222223,da0e423f32ddbdab7f2fdf4e863f6caaebcac3eedc76551a0f84c463cc6388be,6f2d7a77b5e70a0cff2a932f937ea6e3ffddd39bad2ccc8c3b6413b0315d690e,144,,,pass,prob_raw,61677.0,0.0,0.0,0.0,0,"RAW fraction, any magnitude, pre-1e-6-floor: an UPPER BOUND on the gate quantity, not the gate quantity itself",NVIDIA GeForce RTX 2080 Ti,False,recorded in sidecar,2187441,True,2187441,True,2187441,True,0,0,2187441,0,True,,a1_native_perframe_tilesupport_v2,1.0,0.00016917302261030187,57.0,0.0,50.0,8.235940359768712e-05
a1,E4_N44,g2_raw_fraction,murray_v01_clon0_R3396190_ppd11855_S32_anchor_lonlat0,-17782,1482,1479x1479,3,2250000,,0.003471288623461501,0.19340887598650985,0.053164,da0e423f32ddbdab7f2fdf4e863f6caaebcac3eedc76551a0f84c463cc6388be,6f2d7a77b5e70a0cff2a932f937ea6e3ffddd39bad2ccc8c3b6413b0315d690e,144,,,pass,prob_raw,61677.0,0.0,0.0,0.0,0,"RAW fraction, any magnitude, pre-1e-6-floor: an UPPER BOUND on the gate quantity, not the gate quantity itself",NVIDIA GeForce RTX 2080 Ti,False,recorded in sidecar,2187441,True,2187441,True,2187441,True,0,0,2187441,0,True,,a1_native_perframe_tilesupport_v2,1.0,1.486710019369789e-05,48.0,0.0,50.0,6.636229528000914e-05
a1,E8_N32,g2_raw_fraction,murray_v01_clon0_R3396190_ppd11855_S32_anchor_lonlat0,-13336,2964,1479x1479,3,2251500,,0.0026181507163536917,0.1805450741131518,0.021656229180546303,da0e423f32ddbdab7f2fdf4e863f6caaebcac3eedc76551a0f84c463cc6388be,6f2d7a77b5e70a0cff2a932f937ea6e3ffddd39bad2ccc8c3b6413b0315d690e,144,,,pass,prob_raw,63135.0,6.0,9.503e-05,0.00018209218978881836,6,"RAW fraction, any magnitude, pre-1e-6-floor: an UPPER BOUND on the gate quantity, not the gate quantity itself",NVIDIA GeForce RTX 2080 Ti,False,recorded in sidecar,2187441,True,2187441,True,2187441,True,0,0,2187441,0,True,,a1_native_perframe_tilesupport_v2,1.0,0.00023845706262637546,66.0,1.0,50.0,0.00010170651238672335
a1,E8_N36,g2_raw_fraction,murray_v01_clon0_R3396190_ppd11855_S32_anchor_lonlat0,-14818,2964,1479x1479,3,2250000,,0.004607827357632821,0.2229931273564895,0.08486311111111111,da0e423f32ddbdab7f2fdf4e863f6caaebcac3eedc76551a0f84c463cc6388be,6f2d7a77b5e70a0cff2a932f937ea6e3ffddd39bad2ccc8c3b6413b0315d690e,144,,,pass,prob_raw,61677.0,0.0,0.0,0.0,0,"RAW fraction, any magnitude, pre-1e-6-floor: an UPPER BOUND on the gate quantity, not the gate quantity itself",NVIDIA GeForce RTX 2080 Ti,False,recorded in sidecar,2187441,True,2187441,True,2187441,True,0,0,2187441,0,True,,a1_native_perframe_tilesupport_v2,1.0,0.00013293449368253861,46.0,0.0,50.0,7.533165138084996e-05
a1,E8_N40,g2_raw_fraction,murray_v01_clon0_R3396190_ppd11855_S32_anchor_lonlat0,-16300,2964,1479x1479,3,2250000,,0.00843668312181424,0.27348184627246197,0.16081066666666666,da0e423f32ddbdab7f2fdf4e863f6caaebcac3eedc76551a0f84c463cc6388be,6f2d7a77b5e70a0cff2a932f937ea6e3ffddd39bad2ccc8c3b6413b0315d690e,144,,,pass,prob_raw,61677.0,0.0,0.0,0.0,0,"RAW fraction, any magnitude, pre-1e-6-floor: an UPPER BOUND on the gate quantity, not the gate quantity itself",NVIDIA GeForce RTX 2080 Ti,False,recorded in sidecar,2187441,True,2187441,True,2187441,True,0,0,2187441,0,True,,a1_native_perframe_tilesupport_v2,1.0,0.00016072219837588348,53.0,0.0,50.0,8.596288877216196e-05
a1,E8_N44,g2_raw_fraction,murray_v01_clon0_R3396190_ppd11855_S32_anchor_lonlat0,-17782,2964,1479x1479,3,2250000,,0.006444961901759255,0.24754147897649142,0.136996,da0e423f32ddbdab7f2fdf4e863f6caaebcac3eedc76551a0f84c463cc6388be,6f2d7a77b5e70a0cff2a932f937ea6e3ffddd39bad2ccc8c3b6413b0315d690e,144,,,pass,prob_raw,61677.0,0.0,0.0,0.0,0,"RAW fraction, any magnitude, pre-1e-6-floor: an UPPER BOUND on the gate quantity, not the gate quantity itself",NVIDIA GeForce RTX 2080 Ti,False,recorded in sidecar,2187441,True,2187441,True,2187441,True,0,0,2187441,0,True,,a1_native_perframe_tilesupport_v2,1.0,2.0301011750839303e-05,31.0,0.0,50.0,5.857853605384378e-05
baseline,E-12_N32,g1_scalar_only,murray_v01_clon0_R3396190_ppd11855_S32_anchor_lonlat0,-13336,-4445,1479x1479,3,2251500,2187441.0,0.0006799494221008742,0.12402388993842772,0.005302242949145015,29e833be74e5cc151d1382caa9b5d7d7e2abf8d62597f648c6de5da71a34db2e,290a86614f190ced416606689e33533ec55e32a9d349484c51626313c897a61d,144,,,unknown_on_gate_layer,,,,,,0,"scalar counted on the CALIBRATED prob layer; isotonic collapses raw fp16 disagreements onto shared knots, so its 0 is not evidence",RTX 2080 Ti,True,run logs; the field postdates these renders (DECISIONS 2026-08-24e),2187441,True,2187441,True,2187441,True,0,0,2187441,0,True,True,,,,,,,
baseline,E-12_N36,g1_scalar_only,murray_v01_clon0_R3396190_ppd11855_S32_anchor_lonlat0,-14818,-4445,1479x1479,3,2250000,2187441.0,0.002475825579524266,0.18623757629990742,0.03854844444444445,29e833be74e5cc151d1382caa9b5d7d7e2abf8d62597f648c6de5da71a34db2e,290a86614f190ced416606689e33533ec55e32a9d349484c51626313c897a61d,144,,,unknown_on_gate_layer,,,,,,0,"scalar counted on the CALIBRATED prob layer; isotonic collapses raw fp16 disagreements onto shared knots, so its 0 is not evidence",RTX 2080 Ti,True,run logs; the field postdates these renders (DECISIONS 2026-08-24e),2187441,True,2187441,True,2187441,True,0,0,2187441,0,True,True,,,,,,,
baseline,E-12_N40,g1_scalar_only,murray_v01_clon0_R3396190_ppd11855_S32_anchor_lonlat0,-16300,-4445,1479x1479,3,2250000,2187441.0,0.008015256487675777,0.3052967410216199,0.1989191111111111,29e833be74e5cc151d1382caa9b5d7d7e2abf8d62597f648c6de5da71a34db2e,290a86614f190ced416606689e33533ec55e32a9d349484c51626313c897a61d,144,,,unknown_on_gate_layer,,,,,,0,"scalar counted on the CALIBRATED prob layer; isotonic collapses raw fp16 disagreements onto shared knots, so its 0 is not evidence",RTX 2080 Ti,True,run logs; the field postdates these renders (DECISIONS 2026-08-24e),2187441,True,2187441,True,2187441,True,0,0,2187441,0,True,True,,,,,,,
baseline,E-12_N44,g1_scalar_only,murray_v01_clon0_R3396190_ppd11855_S32_anchor_lonlat0,-17782,-4445,1479x1479,3,2250000,2187441.0,0.010592996075722809,0.35590231911377773,0.27527022222222225,29e833be74e5cc151d1382caa9b5d7d7e2abf8d62597f648c6de5da71a34db2e,290a86614f190ced416606689e33533ec55e32a9d349484c51626313c897a61d,144,,,unknown_on_gate_layer,,,,,,0,"scalar counted on the CALIBRATED prob layer; isotonic collapses raw fp16 disagreements onto shared knots, so its 0 is not evidence",RTX 2080 Ti,True,run logs; the field postdates these renders (DECISIONS 2026-08-24e),2187441,True,2187441,True,2187441,True,0,0,2187441,0,True,True,,,,,,,
baseline,E-4_N32,g1_scalar_only,murray_v01_clon0_R3396190_ppd11855_S32_anchor_lonlat0,-13336,-1481,1479x1479,3,2253001,2187441.0,0.00040175866558288937,0.10730915629863855,0.001764313464574583,29e833be74e5cc151d1382caa9b5d7d7e2abf8d62597f648c6de5da71a34db2e,290a86614f190ced416606689e33533ec55e32a9d349484c51626313c897a61d,144,,,unknown_on_gate_layer,,,,,,0,"scalar counted on the CALIBRATED prob layer; isotonic collapses raw fp16 disagreements onto shared knots, so its 0 is not evidence",RTX 2080 Ti,True,run logs; the field postdates these renders (DECISIONS 2026-08-24e),2187441,True,2187441,True,2187441,True,0,0,2187441,0,True,True,,,,,,,
baseline,E-4_N36,g1_scalar_only,murray_v01_clon0_R3396190_ppd11855_S32_anchor_lonlat0,-14818,-1481,1479x1479,3,2250314,2186255.0,0.0011574714714952072,0.14864223505193797,0.009207159534180564,29e833be74e5cc151d1382caa9b5d7d7e2abf8d62597f648c6de5da71a34db2e,290a86614f190ced416606689e33533ec55e32a9d349484c51626313c897a61d,144,,,unknown_on_gate_layer,,,,,,0,"scalar counted on the CALIBRATED prob layer; isotonic collapses raw fp16 disagreements onto shared knots, so its 0 is not evidence",RTX 2080 Ti,True,run logs; the field postdates these renders (DECISIONS 2026-08-24e),2186255,True,2186255,True,2186255,True,808,378,2187441,1186,True,True,,,,,,,
baseline,E-4_N40,g1_scalar_only,murray_v01_clon0_R3396190_ppd11855_S32_anchor_lonlat0,-16300,-1481,1479x1479,3,2251500,2187441.0,0.00430365635712452,0.22304709979365786,0.09301976460137686,29e833be74e5cc151d1382caa9b5d7d7e2abf8d62597f648c6de5da71a34db2e,290a86614f190ced416606689e33533ec55e32a9d349484c51626313c897a61d,144,,,unknown_on_gate_layer,,,,,,0,"scalar counted on the CALIBRATED prob layer; isotonic collapses raw fp16 disagreements onto shared knots, so its 0 is not evidence",RTX 2080 Ti,True,run logs; the field postdates these renders (DECISIONS 2026-08-24e),2187441,True,2187441,True,2187441,True,0,0,2187441,0,True,True,,,,,,,
baseline,E-4_N44,g1_scalar_only,murray_v01_clon0_R3396190_ppd11855_S32_anchor_lonlat0,-17782,-1481,1479x1479,3,2250815,2186756.0,0.004565866898516059,0.23694022323258127,0.08514249283037477,29e833be74e5cc151d1382caa9b5d7d7e2abf8d62597f648c6de5da71a34db2e,290a86614f190ced416606689e33533ec55e32a9d349484c51626313c897a61d,144,,,unknown_on_gate_layer,,,,,,0,"scalar counted on the CALIBRATED prob layer; isotonic collapses raw fp16 disagreements onto shared knots, so its 0 is not evidence",RTX 2080 Ti,True,run logs; the field postdates these renders (DECISIONS 2026-08-24e),2186756,True,2186756,True,2186756,True,51,634,2187441,685,True,True,,,,,,,
baseline,E-8_N32,g1_scalar_only,murray_v01_clon0_R3396190_ppd11855_S32_anchor_lonlat0,-13336,-2963,1479x1479,3,2249918,2185859.0,0.0005348151254473907,0.11178730603432252,0.006114889520418078,29e833be74e5cc151d1382caa9b5d7d7e2abf8d62597f648c6de5da71a34db2e,290a86614f190ced416606689e33533ec55e32a9d349484c51626313c897a61d,144,,,unknown_on_gate_layer,,,,,,0,"scalar counted on the CALIBRATED prob layer; isotonic collapses raw fp16 disagreements onto shared knots, so its 0 is not evidence",RTX 2080 Ti,True,run logs; the field postdates these renders (DECISIONS 2026-08-24e),2185859,True,2185859,True,2185859,True,1295,287,2187441,1582,True,True,,,,,,,
baseline,E-8_N36,g1_scalar_only,murray_v01_clon0_R3396190_ppd11855_S32_anchor_lonlat0,-14818,-2963,1479x1479,3,2250000,2187441.0,0.0029186619119642315,0.19592798935795824,0.04213555555555556,29e833be74e5cc151d1382caa9b5d7d7e2abf8d62597f648c6de5da71a34db2e,290a86614f190ced416606689e33533ec55e32a9d349484c51626313c897a61d,144,,,unknown_on_gate_layer,,,,,,0,"scalar counted on the CALIBRATED prob layer; isotonic collapses raw fp16 disagreements onto shared knots, so its 0 is not evidence",RTX 2080 Ti,True,run logs; the field postdates these renders (DECISIONS 2026-08-24e),2187441,True,2187441,True,2187441,True,0,0,2187441,0,True,True,,,,,,,
baseline,E-8_N40,g1_scalar_only,murray_v01_clon0_R3396190_ppd11855_S32_anchor_lonlat0,-16300,-2963,1479x1479,3,2250000,2187441.0,0.009595867508040487,0.32714071447552906,0.24510444444444446,29e833be74e5cc151d1382caa9b5d7d7e2abf8d62597f648c6de5da71a34db2e,290a86614f190ced416606689e33533ec55e32a9d349484c51626313c897a61d,144,,,unknown_on_gate_layer,,,,,,0,"scalar counted on the CALIBRATED prob layer; isotonic collapses raw fp16 disagreements onto shared knots, so its 0 is not evidence",RTX 2080 Ti,True,run logs; the field postdates these renders (DECISIONS 2026-08-24e),2187441,True,2187441,True,2187441,True,0,0,2187441,0,True,True,,,,,,,
baseline,E-8_N44,g1_scalar_only,murray_v01_clon0_R3396190_ppd11855_S32_anchor_lonlat0,-17782,-2963,1479x1479,3,2250000,2187441.0,0.011237673224471958,0.3763534695879635,0.3001111111111111,29e833be74e5cc151d1382caa9b5d7d7e2abf8d62597f648c6de5da71a34db2e,290a86614f190ced416606689e33533ec55e32a9d349484c51626313c897a61d,144,,,unknown_on_gate_layer,,,,,,0,"scalar counted on the CALIBRATED prob layer; isotonic collapses raw fp16 disagreements onto shared knots, so its 0 is not evidence",RTX 2080 Ti,True,run logs; the field postdates these renders (DECISIONS 2026-08-24e),2187441,True,2187441,True,2187441,True,0,0,2187441,0,True,True,,,,,,,
baseline,E0_N32,g1_scalar_only,murray_v01_clon0_R3396190_ppd11855_S32_anchor_lonlat0,-13336,0,1479x1479,3,2267909,2187339.0,0.0007071992205594808,0.11859968611182596,0.004333066273823156,29e833be74e5cc151d1382caa9b5d7d7e2abf8d62597f648c6de5da71a34db2e,290a86614f190ced416606689e33533ec55e32a9d349484c51626313c897a61d,144,,,unknown_on_gate_layer,,,,,,0,"scalar counted on the CALIBRATED prob layer; isotonic collapses raw fp16 disagreements onto shared knots, so its 0 is not evidence",RTX 2080 Ti,True,run logs; the field postdates these renders (DECISIONS 2026-08-24e),2187339,True,2187339,True,2187339,True,48,54,2187441,102,True,True,,,,,,,
baseline,E0_N36,g2_raw_fraction,murray_v01_clon0_R3396190_ppd11855_S32_anchor_lonlat0,-14818,0,1479x1479,3,2266500,2187441.0,0.0039692526848055165,0.22120139309086076,0.0763679682329583,29e833be74e5cc151d1382caa9b5d7d7e2abf8d62597f648c6de5da71a34db2e,290a86614f190ced416606689e33533ec55e32a9d349484c51626313c897a61d,144,,,pass,prob_raw,77715.0,242.0,0.00311394,0.0005266070365905762,242,"RAW fraction, any magnitude, pre-1e-6-floor: an UPPER BOUND on the gate quantity, not the gate quantity itself",NVIDIA GeForce RTX 2080 Ti,False,recorded in sidecar,2187441,True,2187441,True,2187441,True,0,0,2187441,0,True,True,,,,,,,
baseline,E0_N40,g1_scalar_only,murray_v01_clon0_R3396190_ppd11855_S32_anchor_lonlat0,-16300,0,1479x1479,3,2266500,2187441.0,0.006977174212571567,0.28484311048534633,0.17064637105669533,29e833be74e5cc151d1382caa9b5d7d7e2abf8d62597f648c6de5da71a34db2e,290a86614f190ced416606689e33533ec55e32a9d349484c51626313c897a61d,144,,,unknown_on_gate_layer,,,,,,0,"scalar counted on the CALIBRATED prob layer; isotonic collapses raw fp16 disagreements onto shared knots, so its 0 is not evidence",RTX 2080 Ti,True,run logs; the field postdates these renders (DECISIONS 2026-08-24e),2187441,True,2187441,True,2187441,True,0,0,2187441,0,True,True,,,,,,,
baseline,E0_N44,g2_raw_fraction,murray_v01_clon0_R3396190_ppd11855_S32_anchor_lonlat0,-17782,0,1479x1479,3,2266500,2187441.0,0.005325772279151358,0.25178562061613546,0.1082201632472976,29e833be74e5cc151d1382caa9b5d7d7e2abf8d62597f648c6de5da71a34db2e,290a86614f190ced416606689e33533ec55e32a9d349484c51626313c897a61d,144,,,pass,prob_raw,77715.0,242.0,0.00311394,0.0007669925689697266,242,"RAW fraction, any magnitude, pre-1e-6-floor: an UPPER BOUND on the gate quantity, not the gate quantity itself",NVIDIA GeForce RTX 2080 Ti,False,recorded in sidecar,2187441,True,2187441,True,2187441,True,0,0,2187441,0,True,True,,,,,,,
baseline,E12_N44,g1_scalar_only,murray_v01_clon0_R3396190_ppd11855_S32_anchor_lonlat0,-17782,4446,1479x1479,3,2250000,2187441.0,0.010347345646055193,0.3347849129570441,0.2544182222222222,29e833be74e5cc151d1382caa9b5d7d7e2abf8d62597f648c6de5da71a34db2e,290a86614f190ced416606689e33533ec55e32a9d349484c51626313c897a61d,144,,,unknown_on_gate_layer,,,,,,0,"scalar counted on the CALIBRATED prob layer; isotonic collapses raw fp16 disagreements onto shared knots, so its 0 is not evidence",RTX 2080 Ti,True,run logs; the field postdates these renders (DECISIONS 2026-08-24e),2187441,True,2187441,True,2187441,True,0,0,2187441,0,True,True,,,,,,,
baseline,E16_N44,g2_raw_fraction,murray_v01_clon0_R3396190_ppd11855_S32_anchor_lonlat0,-17782,5928,1479x1479,3,2250000,2187441.0,0.014497019952359663,0.4191295489750422,0.39423955555555557,29e833be74e5cc151d1382caa9b5d7d7e2abf8d62597f648c6de5da71a34db2e,290a86614f190ced416606689e33533ec55e32a9d349484c51626313c897a61d,144,,,pass,prob_raw,61677.0,0.0,0.0,0.0,0,"RAW fraction, any magnitude, pre-1e-6-floor: an UPPER BOUND on the gate quantity, not the gate quantity itself",NVIDIA GeForce RTX 2080 Ti,False,recorded in sidecar,2187441,True,2187441,True,2187441,True,0,0,2187441,0,True,True,,,,,,,
baseline,E4_N32,g1_scalar_only,murray_v01_clon0_R3396190_ppd11855_S32_anchor_lonlat0,-13336,1482,1479x1479,3,2249896,2185837.0,0.0019954180163745984,0.16989322378498944,0.014417555300333881,29e833be74e5cc151d1382caa9b5d7d7e2abf8d62597f648c6de5da71a34db2e,290a86614f190ced416606689e33533ec55e32a9d349484c51626313c897a61d,144,,,unknown_on_gate_layer,,,,,,0,"scalar counted on the CALIBRATED prob layer; isotonic collapses raw fp16 disagreements onto shared knots, so its 0 is not evidence",RTX 2080 Ti,True,run logs; the field postdates these renders (DECISIONS 2026-08-24e),2185837,True,2185837,True,2185837,True,1206,398,2187441,1604,True,True,,,,,,,
baseline,E4_N36,g1_scalar_only,murray_v01_clon0_R3396190_ppd11855_S32_anchor_lonlat0,-14818,1482,1479x1479,3,2247138,2184660.0,0.004090760005491616,0.2288894270459683,0.07061782587451237,29e833be74e5cc151d1382caa9b5d7d7e2abf8d62597f648c6de5da71a34db2e,290a86614f190ced416606689e33533ec55e32a9d349484c51626313c897a61d,144,,,unknown_on_gate_layer,,,,,,0,"scalar counted on the CALIBRATED prob layer; isotonic collapses raw fp16 disagreements onto shared knots, so its 0 is not evidence",RTX 2080 Ti,True,run logs; the field postdates these renders (DECISIONS 2026-08-24e),2184660,True,2184660,True,2184660,True,5,2776,2187441,2781,True,True,,,,,,,
baseline,E4_N40,g1_scalar_only,murray_v01_clon0_R3396190_ppd11855_S32_anchor_lonlat0,-16300,1482,1479x1479,3,2250000,2187441.0,0.00432232133582148,0.22496756712857385,0.08929155555555555,29e833be74e5cc151d1382caa9b5d7d7e2abf8d62597f648c6de5da71a34db2e,290a86614f190ced416606689e33533ec55e32a9d349484c51626313c897a61d,144,,,unknown_on_gate_layer,,,,,,0,"scalar counted on the CALIBRATED prob layer; isotonic collapses raw fp16 disagreements onto shared knots, so its 0 is not evidence",RTX 2080 Ti,True,run logs; the field postdates these renders (DECISIONS 2026-08-24e),2187441,True,2187441,True,2187441,True,0,0,2187441,0,True,True,,,,,,,
baseline,E4_N44,g2_raw_fraction,murray_v01_clon0_R3396190_ppd11855_S32_anchor_lonlat0,-17782,1482,1479x1479,3,2250000,2187441.0,0.004477749121648037,0.23356027735741436,0.09241466666666667,29e833be74e5cc151d1382caa9b5d7d7e2abf8d62597f648c6de5da71a34db2e,290a86614f190ced416606689e33533ec55e32a9d349484c51626313c897a61d,144,,,pass,prob_raw,61677.0,0.0,0.0,0.0,0,"RAW fraction, any magnitude, pre-1e-6-floor: an UPPER BOUND on the gate quantity, not the gate quantity itself",NVIDIA GeForce RTX 2080 Ti,False,recorded in sidecar,2187441,True,2187441,True,2187441,True,0,0,2187441,0,True,True,,,,,,,
baseline,E8_N32,g1_scalar_only,murray_v01_clon0_R3396190_ppd11855_S32_anchor_lonlat0,-13336,2964,1479x1479,3,2251500,2187441.0,0.0028108962041893293,0.1962369905180506,0.021236953142349545,29e833be74e5cc151d1382caa9b5d7d7e2abf8d62597f648c6de5da71a34db2e,290a86614f190ced416606689e33533ec55e32a9d349484c51626313c897a61d,144,,,unknown_on_gate_layer,,,,,,0,"scalar counted on the CALIBRATED prob layer; isotonic collapses raw fp16 disagreements onto shared knots, so its 0 is not evidence",RTX 2080 Ti,True,run logs; the field postdates these renders (DECISIONS 2026-08-24e),2187441,True,2187441,True,2187441,True,0,0,2187441,0,True,True,,,,,,,
baseline,E8_N36,g2_raw_fraction,murray_v01_clon0_R3396190_ppd11855_S32_anchor_lonlat0,-14818,2964,1479x1479,3,2250000,2187441.0,0.0045773793997235645,0.24070079845862918,0.0813568888888889,29e833be74e5cc151d1382caa9b5d7d7e2abf8d62597f648c6de5da71a34db2e,290a86614f190ced416606689e33533ec55e32a9d349484c51626313c897a61d,144,,,pass,prob_raw,61677.0,0.0,0.0,0.0,0,"RAW fraction, any magnitude, pre-1e-6-floor: an UPPER BOUND on the gate quantity, not the gate quantity itself",NVIDIA GeForce RTX 2080 Ti,False,recorded in sidecar,2187441,True,2187441,True,2187441,True,0,0,2187441,0,True,True,,,,,,,
baseline,E8_N40,g1_scalar_only,murray_v01_clon0_R3396190_ppd11855_S32_anchor_lonlat0,-16300,2964,1479x1479,3,2250000,2187441.0,0.006879725125090236,0.27973405031682386,0.16723733333333332,29e833be74e5cc151d1382caa9b5d7d7e2abf8d62597f648c6de5da71a34db2e,290a86614f190ced416606689e33533ec55e32a9d349484c51626313c897a61d,144,,,unknown_on_gate_layer,,,,,,0,"scalar counted on the CALIBRATED prob layer; isotonic collapses raw fp16 disagreements onto shared knots, so its 0 is not evidence",RTX 2080 Ti,True,run logs; the field postdates these renders (DECISIONS 2026-08-24e),2187441,True,2187441,True,2187441,True,0,0,2187441,0,True,True,,,,,,,
baseline,E8_N44,g1_scalar_only,murray_v01_clon0_R3396190_ppd11855_S32_anchor_lonlat0,-17782,2964,1479x1479,3,2250000,2187441.0,0.004986281688494991,0.23570837168884276,0.11576266666666667,29e833be74e5cc151d1382caa9b5d7d7e2abf8d62597f648c6de5da71a34db2e,290a86614f190ced416606689e33533ec55e32a9d349484c51626313c897a61d,144,,,unknown_on_gate_layer,,,,,,0,"scalar counted on the CALIBRATED prob layer; isotonic collapses raw fp16 disagreements onto shared knots, so its 0 is not evidence",RTX 2080 Ti,True,run logs; the field postdates these renders (DECISIONS 2026-08-24e),2187441,True,2187441,True,2187441,True,0,0,2187441,0,True,True,,,,,,,
