arm,tile,r0,c0,n_cells,n_frames,eta2,null_mean,null_p95,excess,ratio
baseline,E-12_N32,0,0,219934,19,0.10589561036197313,0.04916219969201366,0.06442188421768369,0.056733410669959475,1.6437831902610662
baseline,E-12_N32,0,469,219934,19,0.18124714334497175,0.056622138604942876,0.09162205110154534,0.12462500474002887,1.9782043860172298
baseline,E-12_N32,0,938,219925,13,0.28458891944661235,0.06776816836823808,0.1250548952685669,0.21682075107837429,2.2757119490239184
baseline,E-12_N32,469,0,219933,11,0.12915517197066553,0.06707736927154523,0.08680052794351355,0.062077802699120305,1.4879537605429631
baseline,E-12_N32,469,469,219937,17,0.012892852629126903,0.011337036815172551,0.017553430402726295,0.0015558158139543522,0.7344919103176814
baseline,E-12_N32,469,938,219933,15,0.0938998206576981,0.03691321988531268,0.06963365028242516,0.05698660077238542,1.3484833880868297
baseline,E-12_N32,938,0,219923,14,0.09171442043309597,0.0353643002519083,0.07459179902520181,0.056350120181187666,1.2295509912840292
baseline,E-12_N32,938,469,219931,14,0.04775128370373118,0.030532770392702014,0.04037298987205109,0.01721851331102917,1.182753218304197
baseline,E-12_N32,938,938,219939,7,0.20168257216051994,0.06049469915526642,0.12372494364105174,0.1411878730052535,1.6300882120070894
a1,E-12_N32,0,0,219934,19,0.5418353783636308,0.28584831385011034,0.3801533341111028,0.2559870645135205,1.4253074476660388
a1,E-12_N32,0,469,219934,19,0.06811807043875277,0.02664847388111356,0.04950713938550652,0.04146959655763921,1.3759241855669548
a1,E-12_N32,0,938,219925,13,0.20942639197551188,0.04161668112322844,0.07127530603065169,0.16780971085228344,2.93827418833458
a1,E-12_N32,469,0,219933,11,0.10780171890196268,0.043819898318427954,0.058932875995328454,0.06398182058353472,1.8292288825427085
a1,E-12_N32,469,469,219937,17,0.07060714579156908,0.02187192829886726,0.03966006400382787,0.04873521749270182,1.7803084176756319
a1,E-12_N32,469,938,219933,15,0.031020510902505762,0.017774185721766676,0.029766336731933872,0.013246325180739087,1.042133977783917
a1,E-12_N32,938,0,219923,14,0.05326987877488668,0.02074027624544331,0.03327955493561255,0.03252960252944337,1.6006788215152008
a1,E-12_N32,938,469,219931,14,0.08384969436271714,0.03689881620202669,0.04829434977425793,0.04695087816069045,1.736221623329756
a1,E-12_N32,938,938,219939,7,0.011702588944977277,0.01035030211012929,0.01605349247252618,0.001352286834847987,0.7289746430569544
baseline,E-12_N36,0,0,219935,21,0.3413212363370322,0.12370432684847363,0.17218426538949577,0.21761690948855858,1.9823021317594491
baseline,E-12_N36,0,469,219954,17,0.04684382232902369,0.030275203018415277,0.04610901923074068,0.016568619310608414,1.0159362118418933
baseline,E-12_N36,0,938,219949,11,0.2909189124363122,0.12246378625537971,0.14566025958319626,0.16845512618093247,1.9972428531211635
baseline,E-12_N36,469,0,219941,14,0.1816486434000471,0.03960689422951506,0.056927454103959926,0.14204174917053203,3.1908794492780848
baseline,E-12_N36,469,469,219950,12,0.17340643664015515,0.06777037801239841,0.09132914810223988,0.10563605862775674,1.8986976254944645
baseline,E-12_N36,469,938,219952,8,0.2406429149235197,0.09864045073608033,0.15279394061854348,0.14200246418743936,1.574950642344482
baseline,E-12_N36,938,0,219952,10,0.10255825868504596,0.04558290915829503,0.0765076168336706,0.056975349526750936,1.3404973639161977
baseline,E-12_N36,938,469,219937,16,0.09735138678088817,0.041855420468035934,0.06157609485017522,0.05549596631285224,1.5809931925329161
baseline,E-12_N36,938,938,219937,20,0.3881422707224219,0.12583280069525696,0.18150433750499215,0.262309470027165,2.1384738021026433
a1,E-12_N36,0,0,219935,21,0.17295630754875754,0.031457110377442275,0.042992201056963796,0.14149919717131526,4.022969359479733
a1,E-12_N36,0,469,219954,17,0.11433948155598456,0.04316590343403154,0.06659644718142733,0.07117357812195302,1.7169006215075087
a1,E-12_N36,0,938,219949,11,0.3380263783740148,0.1077208734638353,0.1489227204973611,0.23030550491017948,2.2698106591465645
a1,E-12_N36,469,0,219941,14,0.09573686953204899,0.010963568789760961,0.016443236845762734,0.08477330074228803,5.822264219025676
a1,E-12_N36,469,469,219950,12,0.031396040069997896,0.01769234997312909,0.033769423421120645,0.013703690096868806,0.9297179782572673
a1,E-12_N36,469,938,219952,8,0.19662965223439277,0.09059648209939734,0.14176587605460042,0.10603317013499543,1.3870026956181039
a1,E-12_N36,938,0,219952,10,0.0842926574438034,0.010390470045168073,0.025269103515815766,0.07390218739863533,3.335799285124824
a1,E-12_N36,938,469,219937,16,0.023959405117842118,0.01422861515057836,0.03945426202994953,0.009730789967263757,0.6072703907034087
a1,E-12_N36,938,938,219937,20,0.12867281448178555,0.056869182284383465,0.08114548181073197,0.07180363219740209,1.585705224868944
baseline,E-12_N40,0,0,219947,13,0.028187714303702253,0.08026918594987834,0.10721000290314892,-0.05208147164617608,0.2629205628244073
baseline,E-12_N40,0,469,219954,10,0.3014786667422534,0.08490038887717109,0.13559041088414941,0.21657827786508227,2.2234512365320693
baseline,E-12_N40,0,938,219952,7,0.041111703387742234,0.020523042187894386,0.030792551644949265,0.020588661199847848,1.335118435840492
baseline,E-12_N40,469,0,219848,18,0.23943302589749912,0.0611259212764815,0.0995175086163326,0.17830710462101762,2.4059387059274098
baseline,E-12_N40,469,469,219945,8,0.17309724684028108,0.04657605856061738,0.0824998028455089,0.1265211882796637,2.098153460614047
baseline,E-12_N40,469,938,219946,10,0.05772347432329324,0.034763803183098026,0.05708822383922806,0.022959671140195217,1.0111275223039724
baseline,E-12_N40,938,0,219936,19,0.2779532122132344,0.14240953420958455,0.19848696389337622,0.13554367800364983,1.4003600375616911
baseline,E-12_N40,938,469,219930,28,0.2065368949405588,0.1051285205582841,0.16389013748496625,0.1014083743822747,1.260215520653307
baseline,E-12_N40,938,938,219945,12,0.2106182973082342,0.05592202434953732,0.0880109265899142,0.15469627295869687,2.3930926018948475
a1,E-12_N40,0,0,219947,13,0.20012975515208098,0.011489732034037954,0.029399356756426125,0.18864002311804304,6.807283465762785
a1,E-12_N40,0,469,219954,10,0.23789015454245357,0.07183526665611475,0.09398324130738621,0.16605488788633882,2.531197596860895
a1,E-12_N40,0,938,219952,7,0.11012784387614287,0.017157301389408817,0.030939269556089735,0.09297054248673406,3.559484288292338
a1,E-12_N40,469,0,219848,18,0.30926078339528795,0.028905291279000194,0.050917375693473925,0.28035549211628774,6.073776960875969
a1,E-12_N40,469,469,219945,8,0.34749136584812634,0.07799879078902568,0.126087082139002,0.2694925750591007,2.7559632593055166
a1,E-12_N40,469,938,219946,10,0.19711080649017404,0.05917491861975094,0.09832833295667004,0.1379358878704231,2.004618613609915
a1,E-12_N40,938,0,219936,19,0.3335206143107365,0.14254702768325409,0.1949392732124916,0.1909735866274824,1.7108949305827446
a1,E-12_N40,938,469,219930,28,0.15852194911336773,0.0699489154651949,0.09824347654357281,0.08857303364817283,1.6135620876879322
a1,E-12_N40,938,938,219945,12,0.17410574100214665,0.06109964890541568,0.10600041409962213,0.11300609209673097,1.642500573993204
baseline,E-12_N44,0,0,219950,4,0.043119385530628974,0.010932931743225259,0.03598307401520993,0.032186453787403715,1.198324120735281
baseline,E-12_N44,0,469,219944,8,0.15030666038498355,0.05929843699495636,0.11273160057645439,0.09100822339002719,1.3333143467882
baseline,E-12_N44,0,938,219947,7,0.17990884367185267,0.03688742635225168,0.05698606729858301,0.143021417319601,3.1570671955516083
baseline,E-12_N44,469,0,219903,18,0.06232672051435362,0.03014785525682197,0.05200135164008255,0.03217886525753165,1.1985596248677561
baseline,E-12_N44,469,469,219943,7,0.22601838919277764,0.12406543724058076,0.17629495073322768,0.10195295195219688,1.2820468666444806
baseline,E-12_N44,469,938,219947,7,0.17275975550791894,0.06422178393201869,0.09411973912070587,0.10853797157590026,1.8355316017860983
baseline,E-12_N44,938,0,219938,19,0.23462528045611047,0.07226304633672057,0.13620285811754562,0.1623622341193899,1.7226164244925348
baseline,E-12_N44,938,469,219952,9,0.2389050736439024,0.12108897364024071,0.1854133535085277,0.11781610000366169,1.2884998255150726
baseline,E-12_N44,938,938,219953,6,0.3371990187842956,0.09214450774373649,0.1400314152587283,0.2450545110405591,2.4080240720360613
a1,E-12_N44,0,0,219950,4,0.0686040830860312,0.014841279454913297,0.026799886928697534,0.053762803631117906,2.5598646467634683
a1,E-12_N44,0,469,219944,8,0.06548221238026247,0.03332532448802865,0.0790228350643823,0.032156887892233824,0.8286492420439246
a1,E-12_N44,0,938,219947,7,0.07480450536715673,0.02139972997933534,0.03405895085099307,0.05340477538782139,2.1963244168742686
a1,E-12_N44,469,0,219903,18,0.14450898130471612,0.05056043975445024,0.08014920140778481,0.09394854155026588,1.802999640251938
a1,E-12_N44,469,469,219943,7,0.16598920055670313,0.09662625720885523,0.1229502607654365,0.0693629433478479,1.3500516348914133
a1,E-12_N44,469,938,219947,7,0.10502150554204455,0.036125842533850254,0.05776350543455055,0.0688956630081943,1.8181290202520708
a1,E-12_N44,938,0,219938,19,0.4499336755973425,0.08795277696489226,0.1259696684746454,0.3619808986324502,3.5717620046598997
a1,E-12_N44,938,469,219952,9,0.21940813403349976,0.09867809802172396,0.14010784999691983,0.1207300360117758,1.5659945823044412
a1,E-12_N44,938,938,219953,6,0.34000823913145967,0.09601156278640399,0.15320252401080484,0.24399667634505567,2.219338364865843
baseline,E-4_N32,0,0,219923,14,0.13321521060861782,0.045427857315503514,0.0595972443401031,0.08778735329311431,2.2352578895829427
baseline,E-4_N32,0,469,219942,9,0.12377817386839068,0.031026984420436575,0.042599986532875264,0.0927511894479541,2.905591854421564
baseline,E-4_N32,0,938,219934,12,0.03549317866525878,0.02846727380496799,0.04225096992502786,0.0070259048602907895,0.8400559496797251
baseline,E-4_N32,469,0,219930,9,0.012241230982939734,0.00874320314473894,0.014944507156931741,0.0034980278382007943,0.8191123905522611
baseline,E-4_N32,469,469,219923,12,0.10865561057467499,0.06407620725065308,0.11133702565330023,0.04457940332402191,0.9759162321528593
baseline,E-4_N32,469,938,219922,11,0.08902770177841908,0.05201431364394497,0.07986765540452916,0.03701338813447411,1.1146903127116272
baseline,E-4_N32,938,0,219924,11,0.09669840092361712,0.02186632952292077,0.036676227864466504,0.07483207140069635,2.636541611666195
baseline,E-4_N32,938,469,219936,10,0.04909290740853962,0.01789379423190173,0.027753384138251517,0.031199113176637885,1.7688980617277799
baseline,E-4_N32,938,938,219929,11,0.030048317762146764,0.01602160713036208,0.023905011567223616,0.014026710631784685,1.2569882126033476
a1,E-4_N32,0,0,219923,14,0.12880294302648504,0.040648381879868474,0.05291396455539924,0.08815456114661657,2.4341956628789823
a1,E-4_N32,0,469,219942,9,0.027271262967468575,0.0022801694074182904,0.004552962601870696,0.024991093560050283,5.989784092727559
a1,E-4_N32,0,938,219934,12,0.12344274051384685,0.05592007352272392,0.07775682664204123,0.06752266699112293,1.5875485901980515
a1,E-4_N32,469,0,219930,9,0.06042307624402136,0.012438522992979022,0.018887329139558175,0.04798455325104234,3.1991329106172826
a1,E-4_N32,469,469,219923,12,0.11678263685134123,0.06282087875593664,0.09163859662751382,0.053961758095404586,1.2743826416944286
a1,E-4_N32,469,938,219922,11,0.06063683909137465,0.023205138436734954,0.042204571254537485,0.037431700654639695,1.4367362891965283
a1,E-4_N32,938,0,219924,11,0.03610963305225902,0.012037673393205866,0.01775532417541337,0.024071959659053153,2.0337354978999325
a1,E-4_N32,938,469,219936,10,0.04112929232174041,0.023224682440222844,0.030126608835852452,0.017904609881517566,1.3652148021649921
a1,E-4_N32,938,938,219929,11,0.020612428759263616,0.03074970608280182,0.047686019260131364,-0.010137277323538203,0.43225308128197976
baseline,E-4_N36,0,0,219930,20,0.08995771447275314,0.03167749508969165,0.054312709554904796,0.058280219383061486,1.6562921498478134
baseline,E-4_N36,0,469,219945,10,0.05366928755208693,0.02528687988729651,0.045502160106001506,0.02838240766479042,1.179488785302925
baseline,E-4_N36,0,938,219938,11,0.04559903732404433,0.008322629446990682,0.014649447462526546,0.03727640787705365,3.112679672095974
baseline,E-4_N36,469,0,218763,11,0.15835500818804285,0.03591367792033708,0.06398302178071634,0.12244133026770576,2.474953570194914
baseline,E-4_N36,469,469,219938,11,0.07618819299876588,0.01727203492066646,0.02877022576224524,0.05891615807809942,2.6481611103221363
baseline,E-4_N36,469,938,219949,9,0.15194828373791922,0.07040550924831461,0.09372660370990998,0.0815427744896046,1.6211862771450587
baseline,E-4_N36,938,0,219951,5,0.2043379564946689,0.06192829320983327,0.09964232602636133,0.14240966328483562,2.0507144367606327
baseline,E-4_N36,938,469,219945,8,0.1262578308924388,0.04107213726932533,0.05980881834427443,0.08518569362311348,2.1110236648660625
baseline,E-4_N36,938,938,219944,12,0.1031924292845285,0.042054081938297315,0.07759965200766404,0.061138347346231185,1.3298053098786682
a1,E-4_N36,0,0,219930,20,0.14228980418707596,0.05311497293215115,0.09026367114029746,0.08917483125492481,1.5763795377424203
a1,E-4_N36,0,469,219945,10,0.0862120966565809,0.008907937965595407,0.014488936380244136,0.0773041586909855,5.950201891571026
a1,E-4_N36,0,938,219938,11,0.030414911614115327,0.012899191094573163,0.02010695118217036,0.017515720519542165,1.512656560338469
a1,E-4_N36,469,0,218763,11,0.17164541705204456,0.04993702438755277,0.07917629700973561,0.1217083926644918,2.167888920480063
a1,E-4_N36,469,469,219938,11,0.010083345089880905,0.010861952006959153,0.018770176410920932,-0.0007786069170782478,0.5372003368073929
a1,E-4_N36,469,938,219949,9,0.17876592949225842,0.0810292217631343,0.11322917239192014,0.09773670772912411,1.5787974575447385
a1,E-4_N36,938,0,219951,5,0.26279853050914875,0.043149377977583586,0.09019273454423134,0.21964915253156517,2.913743904507851
a1,E-4_N36,938,469,219945,8,0.014563049695692696,0.012584450403062922,0.020723122272294097,0.001978599292629774,0.7027439931270807
a1,E-4_N36,938,938,219944,12,0.09716834805914502,0.04518277177976525,0.07509143946809742,0.051985576279379775,1.2940003380868332
baseline,E-4_N40,0,0,219942,8,0.18219955951821756,0.04951212507879478,0.08281976259451432,0.13268743443942277,2.199952690160039
baseline,E-4_N40,0,469,219946,8,0.01160421687378796,0.0074602511977010745,0.014200047242301436,0.004143965676086885,0.8171956526468032
baseline,E-4_N40,0,938,219946,8,0.047788101927017386,0.03686396588757075,0.05078454575522419,0.010924136039446634,0.940996935511655
baseline,E-4_N40,469,0,219943,7,0.044801839749481126,0.014510406424198685,0.028279896558448477,0.03029143332528244,1.5842292653682568
baseline,E-4_N40,469,469,219928,10,0.06915844509669117,0.021981553089146497,0.03442920707413496,0.04717689200754467,2.008714430970635
baseline,E-4_N40,469,938,219933,13,0.172382525323438,0.0489328904531562,0.0641294453943421,0.12344963487028181,2.688040170368395
baseline,E-4_N40,938,0,219926,16,0.2140663412066287,0.09832957124732071,0.14230535140742462,0.115736769959308,1.5042747099070797
baseline,E-4_N40,938,469,219929,17,0.20048664146253106,0.08102941827210118,0.1255455098497891,0.11945722319042988,1.5969240294010232
baseline,E-4_N40,938,938,219944,11,0.5315568033933087,0.13548416418330772,0.1909115795617305,0.39607263921000097,2.784308864939394
a1,E-4_N40,0,0,219942,8,0.30701728683751206,0.09304673398709537,0.13171436368838763,0.2139705528504167,2.3309324681084855
a1,E-4_N40,0,469,219946,8,0.02023909640886388,0.007772839189602814,0.011243259786407042,0.012466257219261066,1.8001092915537438
a1,E-4_N40,0,938,219946,8,0.03361580359292606,0.018827114442193742,0.026101963516469012,0.01478868915073232,1.2878649367399582
a1,E-4_N40,469,0,219943,7,0.03734876315461908,0.01576461039200922,0.021776220511677245,0.021584152762609863,1.7151168695500325
a1,E-4_N40,469,469,219928,10,0.0443154976972623,0.021960863986648486,0.029128682990233867,0.022354633710613813,1.5213697684897116
a1,E-4_N40,469,938,219933,13,0.06378047060729285,0.01786304741703756,0.03134605274971462,0.04591742319025528,2.034720962047558
a1,E-4_N40,938,0,219926,16,0.049672335469605096,0.02414305196729844,0.04081163581995112,0.025529283502306654,1.2171120924616883
a1,E-4_N40,938,469,219929,17,0.050970322963175975,0.03198132761344838,0.04818850629652833,0.018988995349727596,1.0577278044172964
a1,E-4_N40,938,938,219944,11,0.11963316862047373,0.06121857946497089,0.11795501906843535,0.058414589155502836,1.014227029636312
baseline,E-4_N44,0,0,219259,5,0.1725605745458191,0.06170973707136836,0.07820722097647934,0.11085083747445074,2.2064532199362556
baseline,E-4_N44,0,469,219953,5,0.022122314558121563,0.013337594235982192,0.023466744831157498,0.008784720322139372,0.9427091280572116
baseline,E-4_N44,0,938,219941,11,0.160372721466979,0.06522567704447416,0.11583522965087377,0.09514704442250485,1.3844900377056342
baseline,E-4_N44,469,0,219952,7,0.10501091384391112,0.034442113829350016,0.046843806052324,0.0705688000145611,2.241724631141524
baseline,E-4_N44,469,469,219952,4,0.11413303343541308,0.02880174808757332,0.05334624451088975,0.08533128534783976,2.1394764426597024
baseline,E-4_N44,469,938,219939,9,0.02361218731206669,0.013604139285091086,0.023660626560476017,0.010008048026975606,0.9979527487031877
baseline,E-4_N44,938,0,219947,7,0.0583862766931385,0.0498447394174707,0.07653940217281484,0.008541537275667796,0.7628264009863936
baseline,E-4_N44,938,469,219951,6,0.1977839225363389,0.06768664774174774,0.09756556049595241,0.13009727479459116,2.0271899380370404
baseline,E-4_N44,938,938,219940,9,0.07632359657652807,0.017606739739263074,0.03522481954440325,0.05871685683726499,2.166756212343886
a1,E-4_N44,0,0,219259,5,0.08828660307306353,0.027455468498673315,0.04147863278256742,0.06083113457439022,2.128483924141504
a1,E-4_N44,0,469,219953,5,0.02397005782669451,0.005468084020445202,0.007701916032443814,0.01850197380624931,3.1122200924707855
a1,E-4_N44,0,938,219941,11,0.08721403270654303,0.021230395953793717,0.035472855468237245,0.06598363675274932,2.4586132566811645
a1,E-4_N44,469,0,219952,7,0.04857382757480216,0.018289657496854437,0.03542955380380758,0.03028417007794772,1.370997440266436
a1,E-4_N44,469,469,219952,4,0.07541437391426076,0.016942091777310833,0.03189038010345921,0.058472282136949924,2.3648000955021673
a1,E-4_N44,469,938,219939,9,0.011823914568145969,0.00645570992626564,0.010883639377096122,0.005368204641880329,1.0863934533726458
a1,E-4_N44,938,0,219947,7,0.18406732975063111,0.08175943734219956,0.12036878665238676,0.10230789240843155,1.5291948591473261
a1,E-4_N44,938,469,219951,6,0.14471471941519098,0.058896758203407965,0.08445640600380246,0.08581796121178302,1.7134842253253773
a1,E-4_N44,938,938,219940,9,0.06369161330642878,0.016887172233926242,0.03539734017991054,0.046804441072502534,1.7993333109976557
baseline,E-8_N32,0,0,219942,19,0.2705073047353967,0.05961195096676938,0.09003755023100925,0.2108953537686273,3.0043832161287862
baseline,E-8_N32,0,469,219945,14,0.1739197444182005,0.12011249023038457,0.16515437324433174,0.053807254187815914,1.053073806049938
baseline,E-8_N32,0,938,219932,13,0.059508552145297086,0.031512138868324394,0.05429998582950674,0.027996413276972693,1.095922056630814
baseline,E-8_N32,469,0,219950,13,0.040153292949603445,0.026357818874966542,0.0735985504126578,0.013795474074636903,0.5455717908093161
baseline,E-8_N32,469,469,219942,7,0.04309779414369323,0.017509624510610416,0.029427458224455205,0.025588169633082816,1.4645435502777309
baseline,E-8_N32,469,938,219922,12,0.043368523300888674,0.036613780787026616,0.04897349707832332,0.006754742513862058,0.8855508772740772
baseline,E-8_N32,938,0,219939,10,0.11370490589313573,0.08836848052739865,0.11365644202463872,0.025336425365737075,1.0004264067010518
baseline,E-8_N32,938,469,219600,6,0.08661647496318371,0.020948273912450376,0.035679263541109695,0.06566820105073334,2.4276418952253342
baseline,E-8_N32,938,938,219932,8,0.03388332686815658,0.0069071916892606226,0.014959978716377786,0.02697613517889596,2.2649314889106105
a1,E-8_N32,0,0,219942,19,0.1865466804335241,0.03752610566633468,0.06313633218559668,0.1490205747671894,2.954664516860881
a1,E-8_N32,0,469,219945,14,0.15733991768361485,0.07454137169277504,0.11992106765870854,0.08279854599083981,1.3120289933658624
a1,E-8_N32,0,938,219932,13,0.025836551603584102,0.02126436095382238,0.02856076722135275,0.00457219064976172,0.9046168614219875
a1,E-8_N32,469,0,219950,13,0.06879132182912921,0.03561279013546812,0.08264382717262048,0.03317853169366109,0.8323830609325831
a1,E-8_N32,469,469,219942,7,0.04728793032102082,0.013384750436744553,0.021347192865142885,0.03390317988427627,2.2151826059638826
a1,E-8_N32,469,938,219922,12,0.013354592050923144,0.018474099355492636,0.02527253901498687,-0.005119507304569492,0.5284230461768695
a1,E-8_N32,938,0,219939,10,0.18234438380891838,0.08250224304978634,0.11778136381722892,0.09984214075913203,1.5481598947340873
a1,E-8_N32,938,469,219600,6,0.1036966162227426,0.03350117801753845,0.053252375955072456,0.07019543820520414,1.947267410382375
a1,E-8_N32,938,938,219932,8,0.015581789277177377,0.005814926284821005,0.010000345290070517,0.009766862992356372,1.5581251272042331
baseline,E-8_N36,0,0,219945,9,0.09428821467403045,0.031098467926501432,0.0454626072738496,0.06318974674752902,2.0739728829469417
baseline,E-8_N36,0,469,219946,8,0.06295481637435572,0.03666237671070613,0.04994238407522189,0.026292439663649594,1.260548881277571
baseline,E-8_N36,0,938,219941,10,0.14573414990578032,0.03289734349015287,0.04781192289487068,0.11283680641562745,3.048071298580105
baseline,E-8_N36,469,0,219939,11,0.38219391468557706,0.06562178293160384,0.10280407519286866,0.31657213175397325,3.7176922604337497
baseline,E-8_N36,469,469,219928,13,0.15261804548638883,0.03354637975556141,0.04284306514857433,0.11907166573082742,3.5622578580017263
baseline,E-8_N36,469,938,219945,11,0.13656685334749025,0.06865470660045822,0.08684620181865299,0.06791214674703203,1.5725138289025111
baseline,E-8_N36,938,0,219947,6,0.4389086109274741,0.22116794810271526,0.2613034630156101,0.21774066282475882,1.6796892236413032
baseline,E-8_N36,938,469,219943,7,0.1880776304390524,0.12483922882054566,0.18386792523780304,0.06323840161850675,1.0228952667835067
baseline,E-8_N36,938,938,219943,11,0.19509837546554348,0.1161952634273619,0.1501744261838813,0.07890311203818158,1.2991451369133582
a1,E-8_N36,0,0,219945,9,0.1609223820110347,0.06288125863849761,0.09892858597422478,0.09804112337253709,1.6266519977649536
a1,E-8_N36,0,469,219946,8,0.05732645657438958,0.03256201159430758,0.04653896886343609,0.024764444980082005,1.2317947297588023
a1,E-8_N36,0,938,219941,10,0.05936107132035227,0.01852346630412832,0.03232860744152614,0.04083760501622395,1.8361778009684047
a1,E-8_N36,469,0,219939,11,0.23329726881274535,0.040714388161578643,0.06567335653226129,0.1925828806511667,3.552388382922696
a1,E-8_N36,469,469,219928,13,0.08459778218290907,0.028676028502316302,0.05208502964399738,0.05592175368059277,1.6242245182759278
a1,E-8_N36,469,938,219945,11,0.17617637461843907,0.10595700742440917,0.1470459971400685,0.07021936719402991,1.1981038453608668
a1,E-8_N36,938,0,219947,6,0.5727856148462511,0.26134143755057626,0.33639570934230384,0.31144417729567486,1.702713794911711
a1,E-8_N36,938,469,219943,7,0.2749340884099014,0.13412924641815868,0.19713668477235421,0.14080484199174273,1.394636866940238
a1,E-8_N36,938,938,219943,11,0.4892834357793876,0.19603855735820713,0.2937463029669614,0.29324487842118047,1.6656667023122291
baseline,E-8_N40,0,0,219947,8,0.1843108415040733,0.11430858737922733,0.16245392594437771,0.07000225412484595,1.1345422428706287
baseline,E-8_N40,0,469,219949,11,0.2777635447944076,0.16390494098291897,0.2565245175774448,0.11385860381148866,1.0827953110195432
baseline,E-8_N40,0,938,219905,8,0.14678225117294064,0.07528502503400916,0.15648818198460207,0.07149722613893147,0.937976589103601
baseline,E-8_N40,469,0,219954,6,0.25664419889945667,0.11709315044678455,0.16597811109552874,0.13955104845267213,1.5462532812639678
baseline,E-8_N40,469,469,219945,7,0.15362581366260078,0.09289121687469873,0.1458433037616807,0.06073459678790205,1.0533621338806018
baseline,E-8_N40,469,938,219940,8,0.1081709363986053,0.01953858606280652,0.03333146605407769,0.08863235033579878,3.245309888953172
baseline,E-8_N40,938,0,219945,9,0.14752917929695197,0.09577616978353636,0.12397629355256488,0.05175300951341562,1.189978947341258
baseline,E-8_N40,938,469,219950,6,0.02584245144896205,0.013636086638947383,0.022697554038705103,0.012206364810014667,1.1385566658369486
baseline,E-8_N40,938,938,219936,10,0.24985002423877412,0.08346603853851817,0.1252510557772862,0.16638398570025595,1.994793757930809
a1,E-8_N40,0,0,219947,8,0.19775788793912077,0.11920541925906232,0.16615138517921507,0.07855246868005845,1.1902271397004252
a1,E-8_N40,0,469,219949,11,0.3491743305225747,0.18807066137227454,0.2935387401196766,0.16110366915030014,1.1895340641586705
a1,E-8_N40,0,938,219905,8,0.21542749483051632,0.09635783012308123,0.15714068305571818,0.11906966470743509,1.3709212066625107
a1,E-8_N40,469,0,219954,6,0.041217294531221756,0.01100536191060296,0.018365259772405943,0.030211932620618796,2.2443077332971524
a1,E-8_N40,469,469,219945,7,0.13150244558720217,0.06978554846528308,0.11350725209857397,0.06171689712191909,1.1585378304551017
a1,E-8_N40,469,938,219940,8,0.07472451047892552,0.01661431080435891,0.025365296302434046,0.05811019967456661,2.9459348547706488
a1,E-8_N40,938,0,219945,9,0.023341963878337223,0.028911975062253053,0.047817934217263845,-0.00557001118391583,0.4881424565996832
a1,E-8_N40,938,469,219950,6,0.02575647495670525,0.009503202161628694,0.016785978467421477,0.01625327279507656,1.5344041460969269
a1,E-8_N40,938,938,219936,10,0.1625738277901464,0.06060483803706679,0.09431006486709881,0.10196898975307961,1.7238226696084291
baseline,E-8_N44,0,0,219950,5,0.40751351221598486,0.14030723306377008,0.28861207865722194,0.2672062791522148,1.4119766369860753
baseline,E-8_N44,0,469,219939,7,0.15332542993543374,0.033285616501368735,0.05105129241235343,0.120039813434065,3.003360398733646
baseline,E-8_N44,0,938,218353,6,0.08350449708681816,0.0133208101763502,0.0214978743970198,0.07018368691046796,3.8843141207669443
baseline,E-8_N44,469,0,219953,6,0.28589825196941554,0.11031373857709643,0.15730278703926934,0.17558451339231912,1.817502775065539
baseline,E-8_N44,469,469,219951,8,0.21910263468669802,0.08390499784813517,0.11197264846160576,0.13519763683856284,1.956751382564877
baseline,E-8_N44,469,938,219949,4,0.12026225254539741,0.040625101545031246,0.05679696412421787,0.07963715100036617,2.1174063508461067
baseline,E-8_N44,938,0,219938,14,0.1411127081215101,0.04533129290840311,0.07510305357409373,0.095781415213107,1.878921047894462
baseline,E-8_N44,938,469,219942,15,0.06499402835791714,0.04325886768629828,0.05947300171004583,0.021735160671618854,1.0928324868280312
baseline,E-8_N44,938,938,219943,5,0.14315187680693137,0.04571015257558451,0.07484156403487285,0.09744172423134687,1.9127322985958568
a1,E-8_N44,0,0,219950,5,0.24754270958284438,0.0850009770098508,0.1693023238064372,0.1625417325729936,1.4621341516012454
a1,E-8_N44,0,469,219939,7,0.1584506059913647,0.06774920402017258,0.09163393246000094,0.09070140197119213,1.7291695525620911
a1,E-8_N44,0,938,218353,6,0.06190355707620607,0.012128736249833188,0.02377909700964998,0.04977482082637288,2.603276190474537
a1,E-8_N44,469,0,219953,6,0.2103118970938174,0.06737428261456471,0.08864743648724624,0.14293761447925268,2.372453230771937
a1,E-8_N44,469,469,219951,8,0.15930845262723733,0.06973494255618054,0.09941318458111907,0.0895735100710568,1.6024881739629313
a1,E-8_N44,469,938,219949,4,0.13931961040552704,0.062164828367235025,0.0891946043032594,0.07715478203829201,1.5619735240020112
a1,E-8_N44,938,0,219938,14,0.14902059881150798,0.03271655577404423,0.0630426595438255,0.11630404303746375,2.363805713302958
a1,E-8_N44,938,469,219942,15,0.114590062620344,0.02614746826770097,0.048859846297901195,0.08844259435264304,2.345280865635189
a1,E-8_N44,938,938,219943,5,0.15015836892698312,0.07308063886125946,0.1160547026557061,0.07707773006572366,1.293858546796253
baseline,E0_N32,0,0,219928,20,0.05807557056830043,0.06301222010063812,0.09354025375238453,-0.004936649532337689,0.6208618026848143
baseline,E0_N32,0,469,219931,10,0.07109100090812978,0.022551992190093163,0.04775428134550073,0.04853900871803662,1.4886832950911484
baseline,E0_N32,0,938,219930,12,0.04412290407246966,0.019465405672764273,0.031281264150725394,0.024657498399705387,1.4105217698321977
baseline,E0_N32,469,0,219942,11,0.04628163278375887,0.02347672475609308,0.039878642496336714,0.022804908027665792,1.1605618919453025
baseline,E0_N32,469,469,219944,10,0.025713900956223154,0.02319859183210333,0.04075917332827984,0.0025153091241198224,0.6308739568665919
baseline,E0_N32,469,938,219914,12,0.2027495986391937,0.08732043035997974,0.13704791007830583,0.11542916827921396,1.4794067164055806
baseline,E0_N32,938,0,219940,7,0.046332181440690075,0.016939716574988006,0.028275016881900344,0.02939246486570207,1.6386261282959178
baseline,E0_N32,938,469,219939,9,0.14131341594341162,0.03033477887726631,0.05679029990961335,0.11097863706614532,2.4883372013939717
baseline,E0_N32,938,938,219933,11,0.09393075550088306,0.06069015141800856,0.08258188755997382,0.0332406040828745,1.1374256301984778
a1,E0_N32,0,0,219928,20,0.04398098872263166,0.03239267142964295,0.04795790956334925,0.01158831729298871,0.9170747666667094
a1,E0_N32,0,469,219931,10,0.08320976512321566,0.029688236624916754,0.04373061863690019,0.053521528498298915,1.9027804251779485
a1,E0_N32,0,938,219930,12,0.013941704286204771,0.007018607564135883,0.011131718066717596,0.006923096722068888,1.252430595407251
a1,E0_N32,469,0,219942,11,0.059949983313704915,0.013540551491303973,0.04291608014809593,0.04640943182240094,1.3969119059063164
a1,E0_N32,469,469,219944,10,0.022029064413501637,0.012668119129085095,0.019917544437614232,0.009360945284416541,1.1060130671479664
a1,E0_N32,469,938,219914,12,0.10268840364484491,0.0443165520504398,0.06502439305349042,0.05837185159440511,1.5792289450571464
a1,E0_N32,938,0,219940,7,0.02248028897192546,0.0075731526657606425,0.015797511344176552,0.014907136306164819,1.4230272403135438
a1,E0_N32,938,469,219939,9,0.17408016168295162,0.0311096521970927,0.048924611080894784,0.14297050948585893,3.558130720653403
a1,E0_N32,938,938,219933,11,0.04719754937088957,0.040561343709120005,0.05690998192766663,0.006636205661769562,0.8293369242478112
baseline,E0_N36,0,0,219924,12,0.21918047701410115,0.04093645252464388,0.07409992839834664,0.17824402448945725,2.9579040324550654
baseline,E0_N36,0,469,219938,11,0.04660110457834939,0.03841093846136268,0.06165560869546888,0.008190166116986704,0.7558291218650176
baseline,E0_N36,0,938,219951,12,0.3831811601737296,0.12645816986405345,0.21820938587396668,0.25672299030967616,1.7560251069816368
baseline,E0_N36,469,0,219945,13,0.3352686511797899,0.1302336398712219,0.20011553271919663,0.20503501130856797,1.6753754524904418
baseline,E0_N36,469,469,219937,10,0.06474003267203847,0.027924033667045822,0.05137453568858867,0.03681599900499265,1.260158010273143
baseline,E0_N36,469,938,219947,12,0.2764523930704323,0.11561142599641612,0.16974870141654824,0.16084096707401618,1.628597984923859
baseline,E0_N36,938,0,219922,27,0.18974341298761455,0.12597974926190778,0.17052643346027982,0.06376366372570677,1.1126920861322704
baseline,E0_N36,938,469,219938,14,0.15010230457223847,0.06951738960869802,0.10023120844867513,0.08058491496354045,1.4975605591855212
baseline,E0_N36,938,938,219938,9,0.021245426816425526,0.026588476573243536,0.040030106909195874,-0.00534304975681801,0.53073619974632
a1,E0_N36,0,0,219924,12,0.17061689106680217,0.03142991294034767,0.040138991502489334,0.1391869781264545,4.250652163401287
a1,E0_N36,0,469,219938,11,0.14616034051391635,0.06703910494458097,0.08589102843202492,0.07912123556933538,1.7016950801746331
a1,E0_N36,0,938,219951,12,0.19314572573598698,0.06339332968454017,0.13653145830324445,0.1297523960514468,1.4146609736416855
a1,E0_N36,469,0,219945,13,0.07039525115925131,0.03866230367864959,0.05178439956271979,0.03173294748060172,1.3593910859966734
a1,E0_N36,469,469,219937,10,0.033302592200091775,0.010868539161892973,0.016935749905765008,0.0224340530381988,1.9664078877756348
a1,E0_N36,469,938,219947,12,0.060693014704335906,0.01809620796667806,0.03198991416069407,0.042596806737657845,1.8972546909459753
a1,E0_N36,938,0,219922,27,0.2400524538007611,0.1008332566076215,0.14676253389091842,0.13921919719313958,1.6356521479738189
a1,E0_N36,938,469,219938,14,0.13841363139830687,0.05788893524699592,0.07289812447083395,0.08052469615131094,1.8987269206587782
a1,E0_N36,938,938,219938,9,0.12007839992373344,0.06793074922787916,0.11457289276840509,0.05214765069585428,1.0480524408723542
baseline,E0_N40,0,0,219938,6,0.07200821491552253,0.0594445950654167,0.09676314514196772,0.012563619850105831,0.7441698469998513
baseline,E0_N40,0,469,219945,6,0.014651874725086115,0.01414822635696864,0.021624491725022628,0.0005036483681174746,0.6775592652719694
baseline,E0_N40,0,938,219953,10,0.2449297603535717,0.1361479201913866,0.20000726355525186,0.10878184016218509,1.2246043268619093
baseline,E0_N40,469,0,219934,15,0.2725282911642397,0.14819275390336395,0.2388563746877002,0.12433553726087576,1.1409713955533523
baseline,E0_N40,469,469,219941,10,0.22627358284201027,0.08555221261993493,0.14329604641159568,0.14072137022207534,1.579063683251068
baseline,E0_N40,469,938,219943,13,0.14632670566711972,0.03794387618467322,0.06468772232061289,0.1083828294824465,2.2620475790116417
baseline,E0_N40,938,0,219942,8,0.014566264704683609,0.005666653883261141,0.010595474032550983,0.008899610821422467,1.3747629091377813
baseline,E0_N40,938,469,219441,5,0.2413132358738248,0.16607211861405513,0.24729791511340238,0.07524111725976967,0.9757997181786462
baseline,E0_N40,938,938,219947,5,0.13900447757751155,0.060371278140169946,0.09207486139720326,0.07863319943734161,1.5096897835974779
a1,E0_N40,0,0,219938,6,0.08228182278281708,0.057950019704574154,0.10016005527542411,0.024331803078242925,0.8215033683493409
a1,E0_N40,0,469,219945,6,0.06306558854213784,0.013715662006593682,0.02475322710694055,0.04934992653554416,2.5477723882093297
a1,E0_N40,0,938,219953,10,0.15077588699043648,0.09408463963609465,0.1495981036945758,0.056691247354341834,1.0078729827903787
a1,E0_N40,469,0,219934,15,0.14167145869937184,0.1032512116600696,0.15622698316385708,0.03842024703930223,0.9068309188994654
a1,E0_N40,469,469,219941,10,0.0429097139283842,0.01708214915572037,0.025089318901470134,0.02582756477266383,1.7102781505108877
a1,E0_N40,469,938,219943,13,0.13346638583483017,0.043191799870972374,0.0746418947905164,0.09027458596385779,1.7880894665041072
a1,E0_N40,938,0,219942,8,0.05916414992665065,0.025676361169196665,0.03807106283281399,0.033487788757453986,1.5540451336088321
a1,E0_N40,938,469,219441,5,0.1810293923293051,0.13892878592241614,0.20268180387674123,0.04210060640688895,0.8931704221430562
a1,E0_N40,938,938,219947,5,0.08527466558701434,0.04469578469131853,0.07069468609528985,0.04057888089569581,1.206238690586617
baseline,E0_N44,0,0,219954,3,0.07048275924321314,0.03425137909453978,0.05729591538624813,0.03623138014867336,1.230153297457048
baseline,E0_N44,0,469,219951,7,0.1516730724227444,0.06443405990869452,0.10781315264502314,0.08723901251404986,1.406814184556228
baseline,E0_N44,0,938,219945,9,0.14746741243723469,0.05305271012861997,0.10258595407177931,0.0944147023086147,1.4375010085108908
baseline,E0_N44,469,0,219950,6,0.06931608785836288,0.03894911305331415,0.06349848745048793,0.030366974805048727,1.0916179367644172
baseline,E0_N44,469,469,219949,3,0.2323369086459194,0.11106522347458432,0.19477126829182564,0.12127168517133509,1.192870543399703
baseline,E0_N44,469,938,219943,5,0.01253439307263594,0.0049149212400051365,0.009096219025878925,0.007619471832630804,1.3779783706807567
baseline,E0_N44,938,0,219949,8,0.0734272555830728,0.02824622543785683,0.04051993495950122,0.04518103014521596,1.812126689158354
baseline,E0_N44,938,469,219947,7,0.18757280599817272,0.028134600705710465,0.06029788540022935,0.15943820529246225,3.1107692210622573
baseline,E0_N44,938,938,219939,10,0.13695091187564346,0.02234563817309828,0.048543434976523726,0.11460527370254517,2.8212035662881045
a1,E0_N44,0,0,219954,3,0.03397488712399646,0.008074222151348388,0.014551050447011162,0.025900664972648074,2.3348752207078647
a1,E0_N44,0,469,219951,7,0.2607562587398295,0.04778523097480902,0.07295560302256815,0.21297102776502047,3.574177279559555
a1,E0_N44,0,938,219945,9,0.08417797088530486,0.03719159104813749,0.05413834809519388,0.04698637983716737,1.5548677388030194
a1,E0_N44,469,0,219950,6,0.026493944931259557,0.012559179861225404,0.019651747368049127,0.013934765070034154,1.34817247723909
a1,E0_N44,469,469,219949,3,0.2546773876695945,0.13902984773413177,0.2199161200775023,0.11564753993546276,1.158066027992135
a1,E0_N44,469,938,219943,5,0.024285818435446825,0.0035237598187779252,0.0074425507980190545,0.0207620586166689,3.2631041553536804
a1,E0_N44,938,0,219949,8,0.06368338179896825,0.02367436372141301,0.04366697885628869,0.04000901807755524,1.4583876298966103
a1,E0_N44,938,469,219947,7,0.04290506168444553,0.008756584839765718,0.01747136759278989,0.03414847684467981,2.4557357319956825
a1,E0_N44,938,938,219939,10,0.06663726148779996,0.018018241906556178,0.03444834386390078,0.048619019581243775,1.934411179564156
baseline,E12_N44,0,0,219947,9,0.44186722989783433,0.1824132356849116,0.21867175102886327,0.2594539942129227,2.0206872987426285
baseline,E12_N44,0,469,169525,12,0.2640486485540194,0.1302420741154371,0.22465469949502992,0.1338065744385823,1.1753533273398582
baseline,E12_N44,0,938,219946,11,0.3124771430481329,0.09087341453074863,0.117158244840382,0.22160372851738427,2.6671374556170253
baseline,E12_N44,469,0,219910,11,0.15941892722677947,0.045065231618789225,0.06398396327919928,0.11435369560799025,2.4915450537370103
baseline,E12_N44,469,469,168663,16,0.6428755530060795,0.21605082664698455,0.3558582434409681,0.4268247263590949,1.8065495597061347
baseline,E12_N44,469,938,215654,5,0.06265306150075488,0.014406041054882615,0.027803737499203174,0.048247020445872264,2.2534042951078233
baseline,E12_N44,938,0,219944,11,0.08061720521954505,0.031133429871868616,0.06341114752031096,0.04948377534767643,1.271341213210546
baseline,E12_N44,938,469,218993,24,0.2612198338416314,0.10597588861154017,0.16386334359486576,0.15524394523009122,1.5941322086498426
baseline,E12_N44,938,938,219592,15,0.20665732893315628,0.046006865778464176,0.07939751182645353,0.1606504631546921,2.602818705262027
a1,E12_N44,0,0,219947,9,0.29142882203340126,0.09994661493839468,0.14700414436141732,0.19148220709500657,1.9824531022534193
a1,E12_N44,0,469,169525,12,0.3327284916329857,0.13481118831679184,0.20106276914447904,0.19791730331619384,1.6548488466996827
a1,E12_N44,0,938,219946,11,0.23957305358115388,0.10148586639582464,0.15036730218354288,0.13808718718532925,1.5932523234920033
a1,E12_N44,469,0,219910,11,0.17349633770158032,0.04081708966644128,0.07322617188189184,0.13267924803513903,2.3693214221469407
a1,E12_N44,469,469,168663,16,0.6124828373118589,0.20227578954883088,0.36491138467052125,0.4102070477630281,1.6784426659224954
a1,E12_N44,469,938,215654,5,0.031239757087071395,0.023690837799222073,0.03960277492707507,0.007548919287849322,0.7888274784935294
a1,E12_N44,938,0,219944,11,0.11408551502192721,0.03457765126951578,0.08072472998298127,0.07950786375241142,1.4132659848596483
a1,E12_N44,938,469,218993,24,0.30994448532549296,0.10288466565172849,0.15116868771532724,0.20705981967376447,2.0503219946525153
a1,E12_N44,938,938,219592,15,0.09065198061114628,0.029473235242814616,0.040185463855824194,0.06117874536833166,2.2558400952240802
baseline,E16_N44,0,0,219948,7,0.34143081849822365,0.12199858600705508,0.19170633502265585,0.21943223249116856,1.7810095762243505
baseline,E16_N44,0,469,219951,7,0.16914518158261682,0.045857332100726046,0.08335858986739807,0.12328784948189078,2.0291271943501323
baseline,E16_N44,0,938,219957,8,0.02714887511102561,0.022277588814595496,0.04428127824433138,0.0048712862964301155,0.6131005288787265
baseline,E16_N44,469,0,219950,5,0.1467310874870023,0.04339756781386672,0.07563362536309463,0.10333351967313559,1.9400245166430912
baseline,E16_N44,469,469,219952,8,0.3744835796042102,0.16080611754458446,0.24134373696825767,0.21367746205962573,1.5516606492815825
baseline,E16_N44,469,938,219946,9,0.13100908323455035,0.042338288707500255,0.0758628431995336,0.0886707945270501,1.7269202907406427
baseline,E16_N44,938,0,219945,8,0.0569636431612013,0.018564963854453935,0.029391005029625307,0.03839867930674736,1.9381318571373638
baseline,E16_N44,938,469,219744,12,0.2800039506887755,0.09437223487496849,0.13657174559292234,0.185631715813807,2.05023337347814
baseline,E16_N44,938,938,219950,8,0.1425793667394097,0.025639162243376645,0.040100212849363125,0.11694020449603307,3.5555763076622715
a1,E16_N44,0,0,219948,7,0.2910426583882773,0.14828641314234806,0.19810840120873421,0.14275624524592925,1.469108107543729
a1,E16_N44,0,469,219951,7,0.10001578247595899,0.05182961745652226,0.07212650641444035,0.04818616501943673,1.38667166133441
a1,E16_N44,0,938,219957,8,0.07113488028026368,0.04169420672456974,0.06574815899952949,0.029440673555693943,1.0819296138888503
a1,E16_N44,469,0,219950,5,0.16973745888642122,0.027550974107478164,0.059693723653379216,0.14218648477894305,2.8434724540226015
a1,E16_N44,469,469,219952,8,0.29753557730693003,0.136076712002773,0.22756304223091792,0.16145886530415704,1.307486375599637
a1,E16_N44,469,938,219946,9,0.13947265511305793,0.054077340038736744,0.09722331259774178,0.08539531507432119,1.434559792157272
a1,E16_N44,938,0,219945,8,0.053779512707349396,0.02329803154522829,0.034969618812103906,0.030481481162121106,1.537892448765695
a1,E16_N44,938,469,219744,12,0.17180237981821828,0.052126848745936906,0.07919975488813126,0.11967553107228138,2.169228680832247
a1,E16_N44,938,938,219950,8,0.14245251968685252,0.024654123158786456,0.03807974629443961,0.11779839652806606,3.7408999152826126
baseline,E4_N32,0,0,219645,10,0.13237523291913234,0.060771530884559145,0.09069414784007065,0.0716037020345732,1.4595785513367607
baseline,E4_N32,0,469,219939,14,0.1749346729627896,0.041324363119066766,0.07502191002075044,0.13361030984372285,2.3317811145357954
baseline,E4_N32,0,938,219827,15,0.116752410599553,0.02783869185891195,0.059845994112741774,0.08891371874064105,1.9508809625521004
baseline,E4_N32,469,0,218604,14,0.05106014089665508,0.030599363029705194,0.04906566179609985,0.020460777866949886,1.0406491837171912
baseline,E4_N32,469,469,219943,8,0.029537373685772347,0.03440674793797316,0.0449485441087096,-0.0048693742522008115,0.6571374951396689
baseline,E4_N32,469,938,219944,9,0.1228904767880973,0.024855921415953254,0.05560885199511689,0.09803455537214403,2.2099085375632015
baseline,E4_N32,938,0,219944,11,0.0739936993175566,0.03054435294202993,0.05232505881186801,0.04344934637552667,1.4141159321692698
baseline,E4_N32,938,469,219939,4,0.044403179246207077,0.03474077555032988,0.05234377188981203,0.009662403695877196,0.8482991890549929
baseline,E4_N32,938,938,219942,7,0.11402424773429226,0.05668142117250293,0.07989189903654523,0.05734282656178933,1.427231660648519
a1,E4_N32,0,0,219645,10,0.21650437791452937,0.05060202508610336,0.08873103050864962,0.165902352828426,2.440007477355109
a1,E4_N32,0,469,219939,14,0.07223399832225913,0.03173111118025128,0.04457835716124029,0.04050288714200785,1.620382690662829
a1,E4_N32,0,938,219827,15,0.20301373456961508,0.02806932011862199,0.05856512169929762,0.1749444144509931,3.466461413876817
a1,E4_N32,469,0,218604,14,0.07435334767736182,0.03169621291806859,0.05019760799292977,0.04265713475929323,1.4812129631323137
a1,E4_N32,469,469,219943,8,0.008460276907985792,0.030132173357424012,0.043851531429531534,-0.02167189644943822,0.19293002164773365
a1,E4_N32,469,938,219944,9,0.08127743931764009,0.018376745139970826,0.03226367575870642,0.06290069417766926,2.5191624142734943
a1,E4_N32,938,0,219944,11,0.07313747480805104,0.034541957077239824,0.05331427227612071,0.03859551773081121,1.3718179332780478
a1,E4_N32,938,469,219939,4,0.054461351603156474,0.060397078150497996,0.09164185246449996,-0.005935726547341522,0.5942847087716129
a1,E4_N32,938,938,219942,7,0.06468536195884343,0.040234722561773975,0.06587970243507993,0.024450639397069457,0.9818708884210059
baseline,E4_N36,0,0,219599,13,0.09356446238370955,0.04136739230855619,0.05427974309588604,0.05219707007515336,1.723745490438789
baseline,E4_N36,0,469,219825,12,0.16960868347117905,0.04837460044659973,0.07448497486144098,0.12123408302457932,2.2770858657962876
baseline,E4_N36,0,938,219290,9,0.41534792165245266,0.1969673936095701,0.25501893368625767,0.21838052804288255,1.628694448873522
baseline,E4_N36,469,0,219778,20,0.12115713537015367,0.03202962471326627,0.051258017715549525,0.0891275106568874,2.3636718852941456
baseline,E4_N36,469,469,219739,11,0.15081423388092022,0.01824843597079632,0.026471409765360263,0.1325657979101239,5.697249795825814
baseline,E4_N36,469,938,219714,15,0.23249622034914483,0.07730171865870145,0.12392645769921001,0.15519450169044338,1.8760821915321066
baseline,E4_N36,938,0,219806,14,0.2722652004770549,0.09107474832861819,0.13708862487288634,0.1811904521484367,1.986052458615799
baseline,E4_N36,938,469,219840,11,0.059289737048304085,0.03239687258361046,0.04869894883346046,0.026892864464693626,1.217474677966084
baseline,E4_N36,938,938,219592,13,0.18462158646640905,0.09453455600052037,0.14759962686209618,0.09008703046588869,1.2508269186811891
a1,E4_N36,0,0,219599,13,0.049206977014363405,0.04178904196250066,0.05783018587222035,0.007417935051862744,0.8508874089232481
a1,E4_N36,0,469,219825,12,0.18583149394735432,0.07810643257955178,0.11623631966577733,0.10772506136780254,1.5987386256007503
a1,E4_N36,0,938,219290,9,0.38114782030820216,0.17671498526620452,0.23635598715930212,0.20443283504199763,1.6126006575467515
a1,E4_N36,469,0,219778,20,0.09925337665953751,0.022092831787480397,0.04057292938604214,0.07716054487205712,2.446295551281603
a1,E4_N36,469,469,219739,11,0.18940178661434104,0.027578613424549748,0.047388133819474834,0.16182317318979128,3.996818852075235
a1,E4_N36,469,938,219714,15,0.15268355161890176,0.050478719578565714,0.07688989564347533,0.10220483204033605,1.9857427343492315
a1,E4_N36,938,0,219806,14,0.07757528488801764,0.039917184894117566,0.050061596539613756,0.037658099993900074,1.549596701867714
a1,E4_N36,938,469,219840,11,0.2182773735665,0.060526164558009854,0.0926453767492296,0.15775120900849016,2.356052522268092
a1,E4_N36,938,938,219592,13,0.1568357667908896,0.026982705972802983,0.03893370862339361,0.12985306081808662,4.0282770980788
baseline,E4_N40,0,0,219949,16,0.21510854375109864,0.03878106077592935,0.06452484232599309,0.1763274829751693,3.333732187431392
baseline,E4_N40,0,469,219945,9,0.18931316807516246,0.04859542114458668,0.08706433647245332,0.1407177469305758,2.174405454006534
baseline,E4_N40,0,938,219949,7,0.08289092507455563,0.07437762456520543,0.14406905290438252,0.008513300509350202,0.5753555215606899
baseline,E4_N40,469,0,219942,12,0.3459298818923655,0.07402244577543585,0.11816805402515085,0.2719074361169297,2.9274399476760267
baseline,E4_N40,469,469,219938,8,0.031829746412444855,0.013686398377245657,0.024038743368155792,0.018143348035199198,1.3241019268340721
baseline,E4_N40,469,938,219950,6,0.060292113466328096,0.04220689298061085,0.08564331543360353,0.018085220485717243,0.7039908854657853
baseline,E4_N40,938,0,219943,9,0.19906939377198346,0.10323460433661209,0.12475889787136055,0.09583478943537137,1.5956328339582224
baseline,E4_N40,938,469,219931,12,0.15635481360159953,0.04026127383205388,0.06714981921453694,0.11609353976954565,2.3284472755177728
baseline,E4_N40,938,938,219929,16,0.44542622100633633,0.18521977272015205,0.2755118357058053,0.2602064482861843,1.6167226350376018
a1,E4_N40,0,0,219949,16,0.2278015631948541,0.042845240537598736,0.06608018185715854,0.18495632265725537,3.4473507304698208
a1,E4_N40,0,469,219945,9,0.18957675615000444,0.03776138683764564,0.06280770232933018,0.15181536931235878,3.0183679567828285
a1,E4_N40,0,938,219949,7,0.16308528873055458,0.096935680685198,0.13596849671950265,0.06614960804535658,1.199434373882891
a1,E4_N40,469,0,219942,12,0.22734593188530075,0.09811960536995643,0.1432384772544135,0.12922632651534433,1.587184786120698
a1,E4_N40,469,469,219938,8,0.02941524931914917,0.019521367038182243,0.03595181149753136,0.009893882280966926,0.8181854569739546
a1,E4_N40,469,938,219950,6,0.04994861706479484,0.04036406993971141,0.09250190581356983,0.009584547125083429,0.5399739240558163
a1,E4_N40,938,0,219943,9,0.1735837989388772,0.04664242308184093,0.07697308110211579,0.12694137585703627,2.255123433458426
a1,E4_N40,938,469,219931,12,0.12204500099583585,0.030915697354665744,0.052473048293831315,0.0911293036411701,2.325860703049404
a1,E4_N40,938,938,219929,16,0.3246123270231812,0.1395442715111638,0.2280353605099427,0.1850680555120174,1.4235175031506906
baseline,E4_N44,0,0,219947,11,0.32894730042349746,0.1251851312890056,0.18336304129302095,0.20376216913449186,1.793967301719366
baseline,E4_N44,0,469,219955,3,0.12020888157613113,0.02195261135574568,0.03839440791868085,0.09825627022038545,3.130895567675712
baseline,E4_N44,0,938,205026,8,0.22930104861127912,0.11720850155881349,0.1748601177842672,0.11209254705246563,1.3113398956655065
baseline,E4_N44,469,0,219953,17,0.36287585309040843,0.1478350882339307,0.22832708158320653,0.21504076485647772,1.5892808271986338
baseline,E4_N44,469,469,219947,11,0.33701637789899214,0.06371538068787051,0.1274185943138706,0.2733009972111216,2.6449544488681043
baseline,E4_N44,469,938,205176,8,0.32488056680286526,0.1386403762444242,0.20249783211268912,0.18624019055844104,1.604365653762015
baseline,E4_N44,938,0,219932,21,0.34651734731539585,0.09816402403878242,0.1388358360236771,0.2483533232766134,2.4958782778266317
baseline,E4_N44,938,469,219951,17,0.09004259516579996,0.02292616885979326,0.037643564938266316,0.0671164263060067,2.3919784248241527
baseline,E4_N44,938,938,219836,7,0.2728696740001752,0.10773999795230978,0.15599191966509085,0.16512967604786544,1.7492551831275414
a1,E4_N44,0,0,219947,11,0.17990074972251988,0.04460106600334084,0.07551416786506546,0.13529968371917903,2.382344330986742
a1,E4_N44,0,469,219955,3,0.10600906328321717,0.027995558650266983,0.051393639566850266,0.07801350463295019,2.06268838277791
a1,E4_N44,0,938,205026,8,0.12107033235281485,0.05803622796728412,0.09048239230107243,0.06303410438553073,1.338054059733121
a1,E4_N44,469,0,219953,17,0.1530723253763226,0.042195504407223,0.07934341860405845,0.1108768209690996,1.9292378381146897
a1,E4_N44,469,469,219947,11,0.4296778664872856,0.06210257465359217,0.11738061984789902,0.3675752918336935,3.6605520318776574
a1,E4_N44,469,938,205176,8,0.2581188135330016,0.056344495003909846,0.1115940995233314,0.20177431852909175,2.313014887306257
a1,E4_N44,938,0,219932,21,0.14309623567803934,0.06991876693156222,0.09885290873873301,0.07317746874647711,1.4475672744869945
a1,E4_N44,938,469,219951,17,0.07793867333561398,0.008823310035654024,0.015281531266223818,0.06911536329995996,5.100187407781499
a1,E4_N44,938,938,219836,7,0.04782805980320856,0.013265483430293601,0.020957919321211688,0.03456257637291496,2.2820996240214253
baseline,E8_N32,0,0,219937,13,0.05781744571297892,0.029259604317317688,0.05269693712240216,0.028557841395661233,1.097168998241455
baseline,E8_N32,0,469,219938,14,0.04363578447617011,0.025467301359110434,0.03593625544463524,0.018168483117059674,1.2142551842497074
baseline,E8_N32,0,938,219942,13,0.038786811876209554,0.017816240118293483,0.027162395683102025,0.02097057175791607,1.4279599019441125
baseline,E8_N32,469,0,219934,17,0.10412166418914091,0.06440077748847424,0.07760832984620986,0.039720886700666674,1.341630007957527
baseline,E8_N32,469,469,219937,12,0.1624776772741749,0.06855673594646176,0.09907364988778411,0.09392094132771313,1.6399686239298283
baseline,E8_N32,469,938,219944,8,0.06124009244518481,0.031136125149122607,0.05035718008774011,0.0301039672960622,1.2161144118571134
baseline,E8_N32,938,0,219928,14,0.07513776296262101,0.04650617424636701,0.06664070036902324,0.028631588716254,1.1275056016300136
baseline,E8_N32,938,469,219940,10,0.09299202365754083,0.03213699830293349,0.04928718029127115,0.060855025354607344,1.8867385617920993
baseline,E8_N32,938,938,219941,6,0.2891884061910699,0.07505347126673724,0.1159366016879096,0.21413493492433266,2.494366765808246
a1,E8_N32,0,0,219937,13,0.07104852448458476,0.028878839782273923,0.04666561493863813,0.04216968470231084,1.5225026945001878
a1,E8_N32,0,469,219938,14,0.03903461640103472,0.01714850306302549,0.02906381450944086,0.02188611333800923,1.343065838393478
a1,E8_N32,0,938,219942,13,0.035927955482068834,0.018777036831003992,0.030647536708138887,0.017150918651064842,1.1722950468814564
a1,E8_N32,469,0,219934,17,0.13959136743742026,0.06673236851370208,0.08575199138131098,0.07285899892371818,1.6278498631793077
a1,E8_N32,469,469,219937,12,0.1767204918278985,0.05450193981525435,0.07083737719126698,0.12221855201264416,2.4947351078617443
a1,E8_N32,469,938,219944,8,0.04748838970106036,0.022065119464462737,0.041282301145603384,0.025423270236597625,1.1503329122465338
a1,E8_N32,938,0,219928,14,0.07915822494378862,0.04206068761185866,0.061465882422557336,0.037097537331929956,1.2878400475828584
a1,E8_N32,938,469,219940,10,0.08659694728893054,0.025084358642275,0.06550249235492989,0.06151258864665554,1.3220404930502316
a1,E8_N32,938,938,219941,6,0.2890240135755892,0.07181701170458496,0.12469622093713459,0.21720700187100425,2.317824962163851
baseline,E8_N36,0,0,219943,10,0.15607734581931143,0.05225405691425115,0.09490847682878407,0.10382328890506029,1.6445037475511979
baseline,E8_N36,0,469,219940,13,0.10638776707989708,0.04512431506632022,0.07122429788029748,0.061263452013576865,1.4937004680438801
baseline,E8_N36,0,938,219946,12,0.41206275608651977,0.0990887248207702,0.18157063408562926,0.3129740312657496,2.2694350226930955
baseline,E8_N36,469,0,219956,12,0.1633022537269206,0.04645257243815806,0.06281239492232829,0.11684968128876252,2.5998412244725695
baseline,E8_N36,469,469,219954,11,0.01431365125891187,0.011495402488985017,0.01944377144726341,0.002818248769926852,0.7361561154806944
baseline,E8_N36,469,938,219948,9,0.2712481378443407,0.12152004096644245,0.1637729729750687,0.14972809687789826,1.6562448181583236
baseline,E8_N36,938,0,219930,13,0.2826528910674202,0.10508715669014268,0.17646650954237364,0.17756573437727752,1.6017367363383406
baseline,E8_N36,938,469,219955,5,0.048360156036443676,0.01879979289783166,0.02848710452900623,0.029560363138612017,1.697615704930708
baseline,E8_N36,938,938,219946,7,0.5446449797216024,0.22221481681443564,0.3135209749813606,0.32243016290716675,1.7371883324679713
a1,E8_N36,0,0,219943,10,0.08132896121517988,0.01950392169186658,0.030565862360415287,0.0618250395233133,2.6607775778152427
a1,E8_N36,0,469,219940,13,0.4298759845091472,0.13241721722163496,0.21650488106575497,0.29745876728751225,1.9855256029012531
a1,E8_N36,0,938,219946,12,0.13412335530100825,0.016369896684272123,0.0358671997197605,0.11775345861673613,3.739443177860216
a1,E8_N36,469,0,219956,12,0.1224587516209221,0.03455950872388715,0.05352207548957929,0.08789924289703495,2.2880045383285768
a1,E8_N36,469,469,219954,11,0.16379878794558483,0.023653857398481425,0.032389093648488326,0.14014493054710342,5.057220486724849
a1,E8_N36,469,938,219948,9,0.2821039212271758,0.11813806082586734,0.16135766702079993,0.16396586040130848,1.7483143282606521
a1,E8_N36,938,0,219930,13,0.32085769889375976,0.07864266303837468,0.1194902737568783,0.24221503585538506,2.6852202175600923
a1,E8_N36,938,469,219955,5,0.09314437303916728,0.032419170020862635,0.057373648729748414,0.06072520301830465,1.6234695736001123
a1,E8_N36,938,938,219946,7,0.7056170550776121,0.30575584609009543,0.4285060250507907,0.39986120898751665,1.6466910937692778
baseline,E8_N40,0,0,216168,8,0.13328364178004265,0.11193994792154405,0.15804131328669774,0.021343693858498602,0.8433468376604605
baseline,E8_N40,0,469,219952,7,0.19250115375011964,0.08711464772979169,0.13628218163693567,0.10538650602032795,1.4125188739857046
baseline,E8_N40,0,938,219936,12,0.08500081496257773,0.051742173381915404,0.08230546683918165,0.03325864158066233,1.032748105647254
baseline,E8_N40,469,0,219948,14,0.3502146086468821,0.24519326912184902,0.3359453168779731,0.10502133952503306,1.042475042966865
baseline,E8_N40,469,469,219945,10,0.36920907739009395,0.14786344184461278,0.1946056481824483,0.22134563554548117,1.897216657575889
baseline,E8_N40,469,938,219947,11,0.09003240251470093,0.02784626127664948,0.04938455729618592,0.062186141238051454,1.8230881766283311
baseline,E8_N40,938,0,219939,8,0.05533144730639833,0.05101836697576909,0.08670944126602634,0.004313080330629236,0.6381248281446114
baseline,E8_N40,938,469,219953,6,0.17019367484033313,0.0802844899539157,0.12104334024914172,0.08990918488641743,1.4060556697297513
baseline,E8_N40,938,938,219946,11,0.10836324402274383,0.044409410825317845,0.0687365019957318,0.06395383319742598,1.5765021622641295
a1,E8_N40,0,0,216168,8,0.18716409375311777,0.14068824091177803,0.18293529891078772,0.04647585284133973,1.0231163415016602
a1,E8_N40,0,469,219952,7,0.08720054780594821,0.042350188545347146,0.061023828358433466,0.04485035926060107,1.4289589845750335
a1,E8_N40,0,938,219936,12,0.10059402372453513,0.047948405242578936,0.07223372598806761,0.052645618481956195,1.3926185081626883
a1,E8_N40,469,0,219948,14,0.3096665985998032,0.19846077749048213,0.26974910960422244,0.11120582110932109,1.1479800584111213
a1,E8_N40,469,469,219945,10,0.19302913659256485,0.05984772086610386,0.0784370220505461,0.13318141572646097,2.460944226926077
a1,E8_N40,469,938,219947,11,0.1157717665719919,0.02785603830851314,0.04934167999313752,0.08791572826347877,2.3463280250711676
a1,E8_N40,938,0,219939,8,0.04234496869818454,0.04014811969389285,0.06819782017564831,0.0021968490042916927,0.6209138149741749
a1,E8_N40,938,469,219953,6,0.11449992565591575,0.04516025554061523,0.07109995736165392,0.06933967011530053,1.6104077963578158
a1,E8_N40,938,938,219946,11,0.10188019366037047,0.04939286121783003,0.07527041383249802,0.052487332442540446,1.3535224329586941
baseline,E8_N44,0,0,219948,9,0.19418509156079372,0.07958276623066105,0.11210278540797838,0.11460232533013268,1.732205768608614
baseline,E8_N44,0,469,219946,7,0.24330967634273928,0.04377544039412031,0.07469132349163604,0.19953423594861897,3.2575360158129367
baseline,E8_N44,0,938,219941,12,0.5296330093527569,0.13635468664944977,0.19696599185752775,0.39327832270330715,2.6889566282886976
baseline,E8_N44,469,0,219948,5,0.04597728886526669,0.023620390134769107,0.03773384573534285,0.022356898730497583,1.2184628407011995
baseline,E8_N44,469,469,219952,7,0.21569208922610322,0.06359179310405524,0.10812202423756477,0.15210029612204798,1.9948950340791478
baseline,E8_N44,469,938,219952,5,0.12646415692451457,0.03125297232723511,0.05563907935038291,0.09521118459727945,2.2729376258747216
baseline,E8_N44,938,0,213480,5,0.03087348719093739,0.019984247051761977,0.03400897864903351,0.010889240139175412,0.9078040099217968
baseline,E8_N44,938,469,219949,6,0.0951492978209174,0.03337230977482937,0.06401856727481724,0.06177698804608803,1.4862765892973357
baseline,E8_N44,938,938,219946,6,0.23368545822400325,0.058265140173915354,0.11093806415198815,0.1754203180500879,2.1064497565402607
a1,E8_N44,0,0,219948,9,0.16115066799039535,0.06432750145373406,0.08494354360554537,0.09682316653666129,1.8971502853558246
a1,E8_N44,0,469,219946,7,0.20690763389887748,0.030703526219543215,0.06142503736211606,0.17620410767933425,3.3684575994493073
a1,E8_N44,0,938,219941,12,0.47824857804407006,0.10490830468780932,0.15189333156168752,0.37334027335626074,3.1485817917545766
a1,E8_N44,469,0,219948,5,0.05428773476962186,0.012334741455191736,0.022316756327302758,0.04195299331443013,2.432599701023987
a1,E8_N44,469,469,219952,7,0.11654473186417363,0.034881656925187216,0.06155380228221247,0.08166307493898642,1.8933798976355385
a1,E8_N44,469,938,219952,5,0.0629443773150226,0.020319272590736782,0.034358183250521264,0.04262510472428582,1.8320054019173917
a1,E8_N44,938,0,213480,5,0.03935821256579316,0.024399907913017386,0.040667810918221706,0.014958304652775773,0.9677976679132791
a1,E8_N44,938,469,219949,6,0.07381359404756495,0.041155912100431256,0.07067722639452975,0.03265768194713369,1.044375930027695
a1,E8_N44,938,938,219946,6,0.2403800471461285,0.07050484261677813,0.14341594915995695,0.1698752045293504,1.6761040076374214
