tile,frame,n_px,mean_resid,mean_ctx,mean_ab
E-12_N36,B04_011264_2163_XN_36N011W,674,0.0020564723480406433,111.06160892294139,0.0035704947338737127
E-12_N36,B16_016011_2180_XI_38N012W,1637,-0.0005000789177263171,167.53951289993128,0.0025375277620411007
E-12_N36,B18_016789_2162_XN_36N009W,57881,-0.0006196689233507945,106.23793436371608,0.0013885743425665793
E-12_N36,B19_016855_2177_XN_37N011W,232487,-0.00031128323497812575,120.28480673868997,0.00036811942571084356
E-12_N36,B19_017066_2211_XN_41N012W,2532,-0.001249770318513164,130.5834968651264,0.004339906346167036
E-12_N36,B20_017567_2157_XI_35N009W,3838,-0.0008425074396261587,118.17551764428087,0.0006879373795181522
E-12_N36,B21_017778_2198_XN_39N010W,79919,6.879466620736021e-05,126.67596082635231,0.001497094089713295
E-12_N36,B22_018279_2197_XN_39N010W,352,-0.001495624761222278,131.45832685990766,0.0011361494414359186
E-12_N36,D01_027417_2195_XN_39N009W,198068,0.00011271868688664615,132.1152596385774,0.002716868574727354
E-12_N36,D02_027892_2219_XI_41N011W,5992,0.000597138400081059,123.87939632400493,0.002547551616489958
E-12_N36,D02_028182_2218_XI_41N011W,1558,-0.0004550064166365807,87.23326680840822,0.0011309764569877852
E-12_N36,D06_029593_2165_XI_36N009W,1457,-0.003173987264196105,142.19995737173988,0.0009815463011318166
E-12_N36,D18_034274_2194_XN_39N011W,7454,0.0012388803483678868,97.40801721915247,0.006573672645323605
E-12_N36,D19_034485_2176_XI_37N011W,544,0.001042090095256764,84.54926614200367,0.002555002401403031
E-12_N36,D19_034709_2156_XN_35N007W,614,-0.0004365827678789672,158.65864687245522,0.0002223446885099106
E-12_N36,D19_034762_2170_XN_37N011W,106074,4.354116225476073e-05,149.4176998026584,0.0022123812153259847
E-12_N36,D20_035131_2223_XI_42N010W,3032,-0.0002879816926370854,188.18020573517893,0.0018100932318052966
E-12_N36,D20_035197_2199_XN_39N009W,184,0.0014461179665841183,91.93644382642663,0.0038566013280733782
E-12_N36,D22_035698_2176_XI_37N011W,171424,3.814607022934962e-06,111.90495108027099,0.001586563964113713
E-12_N36,D22_035843_2149_XN_34N008W,266,0.00014308998983162595,121.96182595159775,0.0022456317097489125
E-12_N36,F01_036199_2148_XN_34N007W,419,-0.000421494601739462,164.9391268272673,0.001882338856410739
E-12_N36,F03_037122_2154_XN_35N008W,9442,-0.00044428537970778143,101.14088729215209,0.00045571119805965963
E-12_N36,F04_037386_2160_XN_36N012W,1518,0.001336591145259486,91.15983394577569,0.003209492878144307
E-12_N36,F04_037465_2223_XN_42N010W,520,0.0002953605746480877,182.83184908353365,0.0034811535486369396
E-12_N36,F21_044019_2185_XI_38N008W,243410,-0.00029568892169408076,126.41974084925512,0.0004942993522896926
E-12_N36,F21_044164_2185_XI_38N008W,29598,-0.0003964930033539861,152.93615073495252,0.0004353315354641849
E-12_N36,F22_044507_2217_XI_41N008W,28338,0.00030582619043976794,123.61444776283172,0.002543921851945106
E-12_N36,F23_044929_2199_XI_39N010W,41665,-0.0002584897543736423,152.92077990932137,0.0005444764948063214
E-12_N36,G01_018556_2193_XI_39N011W,3453,-0.0003045639738852865,102.21381628067985,0.000672755542824324
E-12_N36,G02_018912_2180_XN_38N010W,60216,0.0005805479541064253,128.89643512197236,0.004076032154635332
E-12_N36,G04_019690_2176_XN_37N011W,21608,-0.00040129748591820417,81.46626321848389,0.0016967183933912756
E-12_N36,G04_019756_2204_XI_40N011W,37254,0.0006752559454286087,139.12206103287568,0.007745291693637144
E-12_N36,G17_024872_2173_XN_37N009W,4062,0.000986509426131129,98.2694415755016,0.002371544076055849
E-12_N36,G18_025360_2168_XN_36N009W,1479,-0.0008501864919330533,75.5776687426048,0.0006840874293014956
E-12_N36,G19_025650_2167_XN_36N009W,87498,0.0005862707019207178,118.70974248384606,0.005226801075402885
E-12_N36,G19_025782_2218_XN_41N011W,1068,-0.0009767300047565425,84.45253247893258,0.0005518345879056469
E-12_N36,J01_045351_2223_XI_42N010W,549,-0.0003465922158091641,170.4800525102459,0.0014667059803798875
E-12_N36,J02_045417_2191_XN_39N011W,2756,0.004364550280510059,102.65840332739931,0.007021667861090992
E-12_N36,J02_045641_2197_XI_39N010W,160435,1.3986565719390947e-05,132.1825862778832,0.0022333274740314853
E-12_N36,J03_045918_2153_XI_35N008W,1298,-0.00034374360266329343,108.77453218292565,0.0010092334758797462
E-12_N36,J03_046063_2204_XN_40N008W,46161,-0.0007944918415663584,143.61741058553892,0.001212982350410107
E-12_N36,J04_046353_2205_XN_40N008W,25329,0.0002923376286556076,115.5136731858739,0.00446908061509472
E-12_N36,J04_046419_2153_XI_35N008W,27044,-0.0006404573555305853,108.90170221733564,0.0025814028147171093
E-12_N36,J12_049544_2203_XN_40N010W,2524,-0.0006219260161533382,139.4208454307399,0.0036857638256374814
E-12_N36,J21_052946_2164_XI_36N010W,3944,0.00022119925849687903,111.1477080494105,0.0018522000530005055
E-12_N36,J22_053236_2191_XN_39N008W,7493,0.004077285570158053,124.64961855023022,0.00901708021848216
E-12_N36,J22_053302_2193_XI_39N011W,10758,6.582923566012123e-05,116.86518817028606,0.002170425512127658
E-12_N36,K01_053803_2165_XI_36N010W,66882,-1.2950394848602783e-05,137.9789394270179,0.002059013483839788
E-12_N36,K02_054159_2164_XI_36N007W,826,2.2804807987513658e-05,166.51414123978512,0.00045999375910266496
E-12_N36,K11_057786_2188_XN_38N011W,7415,0.0020670502964592013,109.94456997007755,0.004830532771461227
E-12_N36,P01_001414_2164_XI_36N008W,90,-0.0003021971796647717,147.2416775173611,0.0019520008307558278
E-12_N36,P02_001810_2175_XI_37N012W,144,0.010493997315397317,153.41604275173611,0.013268146474628238
E-12_N36,P02_001968_2164_XI_36N008W,13222,0.0021846464359093244,137.7022490333346,0.00727487836597977
E-12_N36,P03_002166_2204_XN_40N011W,269,0.005063666066525929,135.5299939010223,0.012614116123775764
E-12_N36,P05_003089_2211_XN_41N011W,72456,-0.00012837099527476293,102.44614151875362,0.0013321944647758338
E-12_N36,P06_003445_2163_XI_36N009W,231,-0.0018514029132882133,83.71225649350649,0.00035373349766649136
E-12_N36,P13_006135_2174_XN_37N010W,89243,-0.00028769576312982667,132.13429664126318,0.0008478662869868495
E-12_N36,P17_007638_2193_XN_39N008W,8912,-0.00048650414763407333,110.97496254611058,0.0014487559442523305
E-12_N36,P17_007704_2223_XI_42N011W,25045,-0.0004587792283657059,128.53148239419045,0.0026251234407216476
E-12_N36,P20_008719_2181_XN_38N007W,731,-0.0021431083983552927,139.00853256455198,0.0012207395881679572
E-12_N36,P20_008851_2163_XN_36N012W,7254,-0.00014265694834849293,116.32403202651123,0.0012586299157403252
E-12_N36,P21_009141_2166_XN_36N010W,57063,0.00036590648109250816,133.62155299775577,0.002745103898956141
E-12_N36,P21_009431_2171_XN_37N008W,101537,0.00047321068028123104,135.45385581810694,0.004765441490766514
E-8_N32,B02_010354_2163_XI_36N008W,770,-0.0002938097352100806,108.56192928165585,0.0005487559266201699
E-8_N32,B03_010710_2169_XN_36N006W,34034,-0.0006231967931449517,157.7667418748531,0.0021709074298625593
E-8_N32,B04_011277_2168_XN_36N006W,17732,0.0004395483337296014,149.3206328622864,0.005035821695628545
E-8_N32,B05_011422_2168_XI_36N005W,33092,-8.076029127499229e-05,96.02023038399575,0.00014568369533781098
E-8_N32,B07_012200_2153_XN_35N005W,38539,-6.163144059662558e-05,120.0165014711153,3.685451378302068e-05
E-8_N32,B09_013334_2143_XN_34N004W,12831,-0.00011386366344054845,116.76410098102252,0.00011382825428548165
E-8_N32,B12_014178_2145_XI_34N007W,144953,-6.944893613552986e-05,138.52425068114752,0.0003458495099270943
E-8_N32,B16_015879_2125_XN_32N004W,142408,1.0657179594275068e-05,148.9934196071433,0.00010075630043859196
E-8_N32,B17_016090_2127_XN_32N005W,214908,-1.153872899981977e-05,150.64969027338154,3.9763432823556156e-05
E-8_N32,B17_016235_2120_XN_32N004W,17303,-4.643507839790427e-06,102.06866228264246,3.4260631323532633e-06
E-8_N32,B17_016367_2117_XN_31N007W,26257,-8.317673220697725e-06,170.1280715767462,8.348478355726236e-05
E-8_N32,B17_016446_2125_XN_32N004W,44924,-2.0727376679488097e-05,123.31408879440833,3.467352231256791e-05
E-8_N32,B19_016868_2125_XN_32N004W,7850,-5.27828389283253e-06,121.97884753184714,3.5524548334454205e-05
E-8_N32,B19_017079_2126_XN_32N006W,123146,-2.8636589667815754e-05,144.9419900110663,5.5473800542567894e-05
E-8_N32,B19_017145_2132_XN_33N008W,14965,-2.4955789352521515e-05,145.10152471652606,8.287751322577919e-05
E-8_N32,B20_017290_2162_XI_36N008W,79,0.0009304406008678244,131.08708712420886,0.0014568200475636491
E-8_N32,B20_017369_2147_XN_34N004W,77960,3.8907292048862225e-05,133.58292106679306,0.0009251960163030874
E-8_N32,D04_028907_2146_XI_34N003W,6680,-0.00011510879814791698,116.8245425652601,0.00020121662509373228
E-8_N32,D18_034076_2127_XN_32N004W,109,-1.1569310940323078e-05,172.66106113818807,3.870412844303705e-05
E-8_N32,D19_034564_2152_XN_35N007W,8353,0.001629941161793653,166.33419493277117,0.004254355815532377
E-8_N32,D19_034709_2156_XN_35N007W,222,-0.00039075083674226194,159.79026780686937,0.00040561625352999835
E-8_N32,D22_035843_2149_XN_34N008W,65366,-5.322329345953689e-05,140.87454129978218,0.00042893041450480743
E-8_N32,F01_036199_2148_XN_34N007W,557,0.00020092829377196662,126.61791159391831,0.0002298766360302578
E-8_N32,F01_036265_2135_XN_33N006W,72785,2.4741702188784636e-05,115.90119287273734,0.0004841943075337795
E-8_N32,F03_037122_2154_XN_35N008W,93326,6.974807850432883e-05,150.90503053685802,0.0006727454330382632
E-8_N32,F09_039140_2152_XN_35N005W,840,-4.313091400767818e-05,113.40217633928572,0.00010694873448561079
E-8_N32,F17_042331_2157_XN_35N007W,72111,-9.147964344979912e-05,148.99770957220034,0.0003179315360126357
E-8_N32,F18_042964_2161_XN_36N006W,1578,-0.000770767283259533,140.8769296082858,0.000507245176352007
E-8_N32,F20_043676_2125_XN_32N005W,60955,-2.5310101455549573e-07,157.90644960613875,4.2762992379675744e-05
E-8_N32,F22_044375_2155_XI_35N007W,3979,0.002655563059720828,123.59614293399723,0.0072915309917516696
E-8_N32,F23_044797_2162_XI_36N006W,868,0.0024741167362275157,137.29837584605414,0.004337205198784482
E-8_N32,G10_022037_2152_XN_35N007W,300,-0.002697602073976968,61.25205729166667,0.00010250292243047928
E-8_N32,G18_025373_2147_XN_34N004W,202392,9.814711733610776e-06,137.63748988851154,0.00030796934319249846
E-8_N32,G20_026072_2119_XN_31N006W,61304,-2.677844068907468e-05,122.28215290295087,4.2320177845304436e-05
E-8_N32,G21_026573_2157_XN_35N005W,61528,2.0915082823277678e-05,128.93968409199877,0.0003064537958230815
E-8_N32,G22_026995_2155_XN_35N005W,36257,6.969070667861254e-05,126.67507890717654,0.000672230426813702
E-8_N32,G23_027061_2127_XN_32N007W,25412,-2.3418643759424364e-05,117.76828833480492,2.161207048541833e-05
E-8_N32,J01_045285_2149_XN_34N007W,1116,0.002079028106578198,177.2531265751008,0.002791097615289634
E-8_N32,J01_045364_2156_XI_35N006W,124927,1.1713054450743159e-05,151.04538198745567,0.0009553035133993737
E-8_N32,J03_046076_2151_XI_35N006W,142114,4.931665512971322e-05,144.94908073893748,0.0006476446115905397
E-8_N32,J03_046142_2165_XN_36N004W,20593,-8.873246362564573e-05,146.54053585600994,0.00025149426888261697
E-8_N32,J05_046643_2165_XN_36N004W,114,-0.0008212405086105422,130.51403166118422,0.0001535846520773862
E-8_N32,J06_047131_2124_XN_32N006W,52980,7.702416895656459e-05,123.76123275440024,0.0003663638730052028
E-8_N32,K02_054159_2164_XI_36N007W,494,0.002306747404853937,143.56744804845647,0.003253420320077213
E-8_N32,K03_054660_2181_XN_38N005W,14107,3.194358217413836e-05,85.31753635440296,0.00016594583552321835
E-8_N32,K05_055227_2175_XN_37N004W,913,-0.0013941064026974804,157.72866430209476,4.718223834077002e-05
E-8_N32,P20_008719_2181_XN_38N007W,51939,-6.829239016315939e-05,155.8528691334426,0.00012372178844665465
E-8_N32,P20_008864_2167_XN_36N007W,15623,-0.0002445983146489102,150.8793649337115,0.0010378546611050986
E-8_N32,P21_009365_2169_XN_36N006W,28037,4.692811987784228e-05,153.20671850060856,0.000798629318759219
E-8_N32,P21_009431_2171_XN_37N008W,6295,0.00011618630187364276,114.32553164093527,0.0009843126755215027
E0_N40,B01_009958_2210_XI_41N356W,171537,0.00040039022668515945,123.2191385994257,0.007869664919021566
E0_N40,B01_010103_2236_XI_43N355W,11670,-0.0005537452014285658,94.6922392988164,0.0016479740605951916
E0_N40,B02_010525_2212_XN_41N356W,37491,-0.001119383083592171,140.97652413141654,0.00022441581436443144
E0_N40,B12_014138_2234_XN_43N356W,613,-0.0040885362137162195,131.53612325397634,0.0006097448247535997
E0_N40,B16_016037_2226_XN_42N000W,641,-5.019770352028409e-06,81.5791167974844,0.0020400614604949513
E0_N40,B17_016182_2232_XN_43N356W,38736,-0.0003296080142187433,123.54340630727876,0.0031135539352069573
E0_N40,B19_017026_2202_XN_40N000W,1745,0.0018587670836309824,146.88365363090975,0.0031417472181922163
E0_N40,B19_017105_2229_XI_42N357W,68097,1.9054632899569285e-05,124.1612711290971,0.006755804516272313
E0_N40,D17_033812_2234_XN_43N000W,4680,-0.00011524022068603272,123.83944540431357,0.007716139992833197
E0_N40,D19_034590_2226_XN_42N000W,75,0.0018345043686588062,109.0455078125,0.004649321754695848
E0_N40,F01_036357_2252_XN_45N000W,53600,0.00030126756948359963,124.26765599492771,0.0073231206580837305
E0_N40,F03_037003_2230_XN_43N357W,53363,0.00028917689622063816,127.81083241563091,0.009101247465029742
E0_N40,F04_037491_2226_XN_42N000W,19713,-0.0006292850223214787,127.07015947399876,0.0032818673614391524
E0_N40,F19_043346_2220_XN_42N357W,7130,0.0004411443646135661,107.80823270950211,0.00600283669853086
E0_N40,F20_043702_2224_XN_42N356W,1479,0.0017646966187491928,127.53715823613928,0.009722257852656105
E0_N40,G11_022643_2234_XN_43N356W,20416,-0.00171008942610928,95.15710793617751,0.0004459576490798221
E0_N40,G20_025953_2199_XN_39N359W,14814,-0.0005940991203054831,66.52425136800493,0.0007123098845847448
E0_N40,G20_026164_2234_XN_43N359W,65165,-0.00044818291524435826,124.97051388182882,0.008076625218170548
E0_N40,G21_026243_2201_XN_40N356W,964,0.0014992958348850247,135.71613637837137,0.0024939036673277616
E0_N40,G22_026665_2229_XN_42N358W,62141,0.00018440503032370335,126.89891799433445,0.009228369420138828
E0_N40,G23_027021_2226_XN_42N356W,25245,0.0007614741581723815,127.36538369293424,0.006000691319131583
E0_N40,G23_027087_2234_XN_43N358W,172813,-0.00047535838314437565,132.65370399131757,0.010184565073417702
E0_N40,J02_045733_2212_XN_41N359W,108,0.004222942729879314,133.64007342303242,0.006791486662324233
E0_N40,J04_046524_2201_XN_40N355W,73695,-0.0008802253592207185,101.95672791202337,0.0028749439170834483
E0_N40,J05_046867_2211_XN_41N359W,74945,-0.00024667963838346857,120.9711695868637,0.0021998200965171106
E0_N40,J06_047223_2200_XN_40N359W,5376,0.00043151174259936626,116.31538154965355,0.002605301535827006
E0_N40,J20_052550_2233_XI_43N359W,101723,-9.72221303875041e-06,118.05426966031527,0.009215474355875166
E0_N40,J21_052906_2233_XI_43N359W,97421,0.0013592886283786602,126.46332776806014,0.016261450631612523
E0_N40,K01_053697_2201_XI_40N356W,96,0.0023300176038429732,167.09691365559897,0.0031798631755464157
E0_N40,K03_054686_2237_XN_43N356W,54791,0.000532259923600696,133.93550048066174,0.007738377217513302
E0_N40,K04_054963_2209_XN_40N358W,159484,0.00033901920311484496,112.96978312920497,0.01104755682673116
E0_N40,P15_006952_2201_XN_40N357W,72994,-0.0013796751577485015,100.66560421757696,0.006151286239939837
E0_N40,P18_007888_2206_XN_40N355W,23789,0.0005295354876269715,115.18796888464732,0.0038523152922338667
E0_N40,P19_008600_2212_XI_41N358W,153494,-5.8315409344090525e-05,126.8982517931788,0.00323330286120244
E0_N40,P20_008745_2214_XN_41N358W,1748,-0.0024891967657379847,81.40000402245424,0.0033867567375058427
E0_N40,P20_008956_2197_XN_39N000W,6611,-0.0007907040382328159,79.55393930924784,0.0006255391635937187
E0_N40,P20_009035_2240_XI_44N357W,53018,-0.00028898576802256667,134.2356189208441,0.00986896085653911
E0_N40,P21_009101_2208_XN_40N359W,91153,0.00012914447744430112,123.5819523562033,0.002795431544160712
E0_N40,P21_009246_2240_XI_44N358W,51025,0.0004663641218634503,130.8079749892822,0.012955844872026124
E0_N40,P21_009312_2208_XN_40N359W,112840,5.1265565644836916e-05,104.87797488943139,0.001991993302998255
E0_N40,P21_009391_2238_XI_43N357W,66392,0.00019015460155834054,126.08592661531134,0.006956560776825523
E0_N40,P22_009602_2210_XN_41N357W,103172,0.00013609883207386212,122.9823285652539,0.008336595012048387
E0_N40,P22_009747_2239_XN_43N356W,51224,0.0001705320632050604,109.3042574228206,0.003461139293982974
E12_N44,B01_010195_2277_XN_47N347W,137969,0.0014061238919314408,130.19284020125218,0.0145238647266137
E12_N44,B04_011329_2241_XI_44N347W,101275,-6.384815555471761e-05,112.43668123032893,0.0045851086195157695
E12_N44,B05_011685_2274_XI_47N347W,127021,-0.0015342351880092541,128.5909212200886,0.004374379348790831
E12_N44,B06_011830_2258_XN_45N344W,420,-0.02414774746284311,125.12033110119047,0.006225696864636293
E12_N44,B17_016287_2222_XI_42N344W,17985,5.666694941233767e-05,96.13028560041354,0.003680649764609617
E12_N44,B18_016498_2264_XI_46N345W,120198,0.0017098938985448495,123.85594020517188,0.016665085120691307
E12_N44,B18_016643_2264_XI_46N345W,13799,0.0023315197429445585,139.74341119317975,0.008100715104571738
E12_N44,B18_016788_2273_XI_47N345W,25633,0.0003674789949445559,97.25883645624049,0.0038038649399913787
E12_N44,B19_016999_2240_XN_44N343W,58170,-0.0025271547058342407,112.22056556348848,0.012191190408192071
E12_N44,D01_027469_2243_XI_44N347W,26445,0.00010603947478993403,120.83573716528409,0.0036022781911622063
E12_N44,D01_027601_2242_XI_44N347W,199,0.002225349583716982,133.53869935615577,0.008379735294849396
E12_N44,D04_028735_2267_XI_46N346W,77185,-0.0013454948177852315,132.5816707626158,0.001044578967673673
E12_N44,D04_028801_2268_XN_46N348W,9421,-0.0019093971889397165,141.685072743074,0.008358282170815457
E12_N44,D21_035407_2260_XI_46N345W,188,-0.004310023488337382,96.04629841256649,0.002919567736016495
E12_N44,F02_036396_2272_XI_47N346W,661,0.0038832754702405833,138.12067416792738,0.008539056859770649
E12_N44,F02_036752_2293_XN_49N345W,1991,0.00174495271573562,110.15057701061025,0.005052983485535039
E12_N44,F04_037530_2282_XN_48N345W,62178,0.0002957000682510371,132.0064776070063,0.005991790779743312
E12_N44,F18_042739_2263_XI_46N345W,6128,-0.012370403853192878,146.97383185404087,0.0005846955467477418
E12_N44,F22_044506_2244_XI_44N345W,711,0.003252093959647278,111.13369841112869,0.008342071905921145
E12_N44,G01_018555_2263_XI_46N345W,60,0.009167566668242207,142.31282552083334,0.014912495508906432
E12_N44,G06_020401_2244_XN_44N344W,771,-0.0019624266991239148,118.65547862962062,0.003969184515489715
E12_N44,G14_023803_2250_XN_45N347W,11694,-0.0009249351639144284,130.02032868418098,0.002446116948028531
E12_N44,G16_024647_2264_XI_46N345W,1200,0.00020710078788533168,131.59724365234376,0.005991970665630409
E12_N44,G17_024713_2277_XN_47N347W,14565,-0.0011685901164581504,123.41802225476313,0.005355321193807791
E12_N44,G17_025003_2300_XN_50N345W,3641,-0.003885119552450049,119.44265236627987,0.0031941609026800576
E12_N44,G18_025069_2250_XN_45N347W,4241,0.0013058347665374174,143.9907335939342,0.005114556781971642
E12_N44,G18_025148_2290_XN_49N344W,19130,-0.00018665237983415508,124.89260518083508,0.012184490546296757
E12_N44,G18_025425_2271_XI_47N346W,97802,0.001464679329257878,121.5417068833108,0.012811366816487183
E12_N44,G19_025636_2267_XI_46N345W,56,-0.0022350277488073305,137.1287841796875,0.0036039966871612705
E12_N44,G22_026836_2261_XI_46N345W,101677,-0.002584409863286411,121.40487551111609,0.002489814601428061
E12_N44,J01_045126_2244_XI_44N345W,68652,-0.0005816527545421895,121.3119918039988,0.0026560912890752344
E12_N44,J01_045139_2268_XI_46N346W,216118,0.000773547963259083,134.88501740892852,0.019145132539604003
E12_N44,J05_046550_2228_XI_42N346W,1416,-0.00026143452844080723,120.78261070466985,0.005991584026205434
E12_N44,J05_046906_2268_XI_46N346W,16816,-0.0003782250177199544,104.50575275221516,0.0010496009235119884
E12_N44,J14_050176_2232_XN_43N344W,41877,-0.0006368046680980109,88.43416762650888,0.0009188614650557182
E12_N44,J16_051099_2232_XN_43N344W,19184,-0.0009456617321127787,102.34498923256359,0.002209966393126203
E12_N44,J17_051310_2260_XI_46N345W,2865,-0.0014901956585520017,147.48588432591623,0.0013212390561152516
E12_N44,J19_052088_2271_XN_47N347W,56,-0.0020561283023155887,118.05876813616071,0.0020222427738190163
E12_N44,J20_052589_2280_XN_48N344W,11277,0.0053533365690255855,117.86547338471003,0.02278143426916683
E12_N44,K02_054000_2257_XN_45N347W,8810,0.004100182579376565,130.74701699506952,0.016770030747706617
E12_N44,K04_054923_2229_XN_42N346W,604,0.0016349491040267732,107.10131512572434,0.007468026387001698
E12_N44,K04_055068_2264_XN_46N345W,37794,-0.001861849673875562,117.01109318567431,0.0010934934981755916
E12_N44,P04_002587_2231_XN_43N346W,46930,0.00017256989272901543,98.84495464904512,0.006492957637856544
E12_N44,P14_006701_2263_XI_46N344W,157738,0.0003068722019075324,124.6955587610567,0.01815851876027319
E12_N44,P16_007123_2241_XN_44N347W,77704,-0.0004973052377409034,104.97773133612411,0.005216083215223778
E12_N44,P17_007492_2261_XN_46N344W,301007,0.0003572666617254465,117.37709594313317,0.016622223537217866
E12_N44,P18_007914_2270_XN_47N346W,58869,0.0008236712821851347,141.36585993636294,0.018501627294221144
E12_N44,P19_008349_2220_XN_42N344W,7171,0.0001857531484873161,93.81772313179822,0.003991746742388583
E12_N44,P19_008560_2245_XN_44N346W,42587,-0.0003340410052802195,123.74535007473672,0.007490494591272511
E12_N44,P20_008916_2249_XN_44N348W,27323,-0.0005131198163216573,108.4163169965551,0.00237108565107884
E16_N44,B04_011276_2233_XN_43N340W,58054,-0.0011757716512155404,124.51546369745732,0.00611437378004221
E16_N44,B17_016300_2282_XN_48N340W,126979,-0.00017082018238564323,143.67841237527466,0.02010394908161352
E16_N44,B17_016366_2244_XN_44N342W,131945,-0.0018923716357427368,108.24742748369349,0.00553680846945915
E16_N44,B18_016722_2217_XN_41N340W,199,-0.0026521829716903604,91.14547836840453,0.008014354292635605
E16_N44,B19_016933_2278_XN_47N342W,107777,0.0016529077050716832,132.25224311178985,0.032010861881514946
E16_N44,B19_016999_2240_XN_44N343W,163745,-0.00011305927304038032,103.96735122160219,0.012550280171884242
E16_N44,D01_027482_2300_XN_50N343W,11777,-0.0015736431280230232,141.88217425583235,0.0031029563858952945
E16_N44,D04_028603_2250_XN_45N342W,23676,0.002945903087241649,123.46841408493833,0.013608910054559026
E16_N44,F01_036053_2245_XN_44N341W,87787,-0.004449921947867974,113.88176612185246,0.0034705441264872355
E16_N44,F01_036119_2291_XN_49N343W,1323,0.009553413834914079,137.42183218773621,0.020316232143473993
E16_N44,F01_036330_2245_XN_44N342W,71,-0.0004286827528509256,125.10000825264085,0.012547203966803377
E16_N44,F02_036475_2241_XI_44N341W,15590,0.000601409215304123,107.43704523131815,0.014254113849576436
E16_N44,F04_037187_2244_XN_44N342W,44049,0.0012992007744301883,128.9011043853507,0.018978290965263205
E16_N44,F05_037754_2257_XN_45N340W,56417,-0.0010788822260375096,125.19521390383218,0.00938189489875527
E16_N44,F18_042752_2240_XI_44N340W,474,-0.0024658104176617586,130.69291229891877,0.003076817698886383
E16_N44,G01_018568_2294_XI_49N340W,25537,0.00010624861927444989,147.68480901333115,0.017012602048659006
E16_N44,G16_024581_2233_XN_43N343W,21267,0.0007234883204154772,90.29149823523534,0.006517482377274905
E16_N44,G17_024937_2267_XN_46N343W,57822,0.0008360722155368153,129.68359309132444,0.017022685151322103
E16_N44,G18_025148_2290_XN_49N344W,12870,0.00237874715850059,133.33333674788753,0.016976574544159115
E16_N44,G23_027271_2293_XN_49N342W,8010,-0.00038412753927438687,144.71101564938357,0.011922832957250957
E16_N44,J04_046273_2237_XN_43N342W,185,-0.007263304571148719,83.60794974662163,0.000330286305157839
E16_N44,J06_046985_2245_XN_44N341W,407,-0.00679783345236867,131.38033390279483,0.004920597204997024
E16_N44,J06_047275_2252_XN_45N340W,2383,-0.003924215267835361,141.02341823922052,0.003946168956568029
E16_N44,J20_052523_2243_XN_44N341W,13951,0.0019333022433736377,118.94543275907641,0.013685100565912486
E16_N44,K03_054514_2235_XN_43N340W,5683,0.001271207582253803,121.84688812851927,0.014810877073359612
E16_N44,K03_054725_2281_XN_48N341W,15898,-0.002054027549789028,146.14460840200024,0.007059684386438357
E16_N44,K04_054870_2270_XN_47N340W,442,0.00026360374861154065,131.58705546521495,0.0222070703127688
E16_N44,P13_006279_2234_XN_43N342W,59231,-0.0009906277544018383,88.74433367543494,0.004545461077256828
E16_N44,P14_006635_2267_XN_46N343W,266369,-0.0005334503160738817,124.3622176262065,0.014573313919096817
E16_N44,P15_006714_2256_XI_45N340W,190740,0.00030217099937460254,122.60344734139896,0.013979482334120871
E16_N44,P15_006925_2229_XN_42N340W,546,-0.005341413888123079,82.51766755380036,0.006361859680313394
E16_N44,P16_007215_2254_XN_45N339W,35164,-0.0006843407955250695,133.06490041528622,0.012079563300396494
E16_N44,P16_007426_2266_XN_46N341W,302435,0.0004910321248510032,128.90972674138658,0.017338809105198926
E16_N44,P17_007492_2261_XN_46N344W,22732,0.0012942953851257859,117.03990030229963,0.009876289247019075
E16_N44,P19_008573_2263_XI_46N342W,271343,0.0010013196105545207,122.49277008755408,0.021023946529059024
E16_N44,P20_008863_2272_XN_47N341W,44204,0.003217620513759849,129.16870167999502,0.019098146475929344
E4_N40,B01_010103_2236_XI_43N355W,130900,7.051690926447513e-05,124.70662962095349,0.004350292395542537
E4_N40,B17_016195_2250_XN_45N354W,37824,0.0007857720092387041,122.27077118797754,0.01020177894277894
E4_N40,B19_017039_2250_XN_45N354W,21054,0.0008012629778273038,142.71494064555725,0.0093068042633616
E4_N40,D01_027588_2249_XI_44N354W,4599,-0.002512759745992367,140.04592540497936,0.0012646962933598673
E4_N40,D05_029144_2242_XN_44N353W,31390,-9.1445981492039e-05,104.57294825432065,0.000867141196092476
E4_N40,D16_033469_2256_XI_45N355W,1939,-0.0014637474509820668,151.46745664646724,0.0010658716974301333
E4_N40,F03_036871_2196_XN_39N353W,6580,0.0008717298556271956,124.59955713335866,0.0063664488486864885
E4_N40,F18_042924_2195_XN_39N354W,18096,2.5228264677978858e-06,78.51968823609154,0.0035065841637719974
E4_N40,F20_043425_2207_XN_40N354W,11571,-0.001081133580267241,121.55593025194992,0.003830108389942854
E4_N40,F20_043702_2224_XN_42N356W,8072,0.0028449952466718807,133.3446761132232,0.014637728758731006
E4_N40,F21_043926_2195_XI_39N351W,3426,0.0031106239550427513,84.05755761319688,0.004620185844443355
E4_N40,F21_043992_2214_XI_41N353W,190422,0.00017738699162596797,115.02754150670124,0.0055502233932308385
E4_N40,F22_044414_2195_XI_39N352W,13214,0.0002538849576479417,97.39017655280385,0.0025898585252215702
E4_N40,F22_044480_2251_XI_45N352W,6579,2.2817681545270736e-05,164.0294367020064,0.0036260048910201
E4_N40,F23_044691_2235_XI_43N355W,693,-0.0008325255213820493,103.83727340367966,0.0029334112189960946
E4_N40,G02_019096_2221_XN_42N355W,17970,0.0017559795245719173,135.96578058700266,0.004808569478954996
E4_N40,G06_020586_2250_XI_45N354W,409,-0.003112895137127756,99.04994794850245,0.0002550418408236621
E4_N40,G19_025610_2223_XN_42N354W,55079,0.0007446849704674687,134.30030538876545,0.006296415671471159
E4_N40,G19_025755_2235_XN_43N353W,55333,5.501959566111901e-05,101.5727888068038,0.0049009658187861025
E4_N40,G21_026243_2201_XN_40N356W,6762,0.0011506641536420915,118.45621412627551,0.004849114452372628
E4_N40,G21_026533_2220_XN_42N354W,941,0.0007689810863118695,136.9549234939559,0.005145991152632988
E4_N40,G23_027100_2228_XN_42N353W,99226,0.00025481807566090985,123.78572227163244,0.004969294862166639
E4_N40,J01_045258_2194_XI_39N352W,53713,0.0009505654769405579,103.63967310927988,0.011399293508735834
E4_N40,J02_045390_2214_XI_41N353W,31767,-2.7495169638316435e-05,111.88229613646827,0.004438021036289307
E4_N40,J02_045456_2195_XI_39N352W,125108,-0.0004870506773448545,100.4886805222163,0.0003879385010058642
E4_N40,J02_045535_2217_XI_41N354W,15658,0.001366916500213181,133.16675344173106,0.007735031450377701
E4_N40,J03_045878_2226_XI_42N355W,189655,-0.0005609151988147894,127.93961063242301,0.0009996755857087426
E4_N40,J04_046168_2212_XI_41N354W,271655,1.0519541219826768e-05,109.6298356514927,0.005253843219179612
E4_N40,J04_046313_2189_XN_38N355W,72230,0.0001646321172741905,83.21739731965164,0.003163713020086585
E4_N40,J04_046524_2201_XN_40N355W,1250,-0.001890628096818103,89.74643359375,0.0031291971667145846
E4_N40,J16_050862_2196_XI_39N355W,51096,-0.0007712929892641719,104.95790271391718,0.0005752705983399936
E4_N40,K03_054686_2237_XN_43N356W,4288,0.0019330058075052816,158.87112426757812,0.009009849519178607
E4_N40,K04_054765_2209_XN_40N352W,2251,-0.0030058194380635376,104.59393134301422,0.004639031422100453
E4_N40,K04_054976_2210_XN_41N352W,12612,0.002302043999410783,130.73642948246214,0.009954642294265481
E4_N40,K05_055253_2256_XN_45N355W,2068,-0.0012255439579027007,171.91008777729087,0.0017543278738988788
E4_N40,P03_002139_2209_XN_40N354W,53810,7.332640557003926e-05,126.42101086650366,0.003587121124784878
E4_N40,P13_006174_2196_XN_39N355W,41947,-0.0004170845448648802,92.53176085204991,0.0007728986593506647
E4_N40,P14_006464_2214_XN_41N353W,3532,-0.0020548346490362347,152.74263845510688,0.0005364699333885351
E4_N40,P15_006965_2224_XN_42N352W,192997,0.00012790696572164317,124.01159261967965,0.009281684012115368
E4_N40,P16_007176_2208_XN_40N353W,55864,-0.0015591546014831514,130.83065015805684,0.001347813927143669
E4_N40,P17_007611_2238_XN_43N352W,183454,-0.0003296020405349868,130.28111428499275,0.006475712007870782
E4_N40,P18_007888_2206_XN_40N355W,35721,0.00032642555648406383,109.02135749650941,0.00145471170392883
E4_N40,P18_008112_2251_XI_45N352W,31467,-6.150686195424244e-05,129.8553057878591,0.005624486521746809
E4_N40,P20_008903_2193_XN_39N352W,366,0.0013380195705045398,105.30025294569673,0.010239342067149262
E4_N40,P22_009681_2243_XI_44N355W,32477,0.0005408290462732238,110.74031363782446,0.004267821115201368
E4_N40,P22_009826_2221_XN_42N355W,108,0.0029682909737827096,137.37847222222223,0.006058830987496077
E4_N44,B01_009905_2253_XI_45N352W,939,0.0026835724511670477,98.13596266806444,0.0040620535574324036
E4_N44,B01_010103_2236_XI_43N355W,36523,-0.00039509865309834714,94.92093172666881,0.0009716954612097405
E4_N44,B01_010182_2258_XI_45N353W,168573,0.0001136984054039301,123.76931923943002,0.004720661705673971
E4_N44,B02_010248_2250_XI_45N354W,100620,0.0004814958825900314,122.88000860485303,0.005046471646826749
E4_N44,B02_010459_2250_XI_45N354W,143,-0.0009092924241478885,119.75262920673077,0.002106726799134598
E4_N44,B02_010604_2269_XI_46N353W,91434,0.0006087616693421502,125.58284766881029,0.008881720529381305
E4_N44,B03_010749_2287_XI_48N352W,32546,9.129941950946632e-05,116.68983779688749,0.0028971459155436134
E4_N44,B17_016195_2250_XN_45N354W,24612,-0.000607785906013863,112.8497338458501,0.004105543182580624
E4_N44,B19_017039_2250_XN_45N354W,16462,0.002346442055308226,143.819103038437,0.006593640940800194
E4_N44,B20_017395_2263_XN_46N356W,109106,0.00024996420034641094,135.11363998048628,0.007581171384031456
E4_N44,D01_027588_2249_XI_44N354W,123,-0.0022337628828354088,154.59756097560975,0.0010838471085677392
E4_N44,D05_029144_2242_XN_44N353W,12068,-0.0007848961208427529,121.20605347367521,0.000470328945370661
E4_N44,D16_033469_2256_XI_45N355W,130921,-0.00028913987922648887,122.34087740501667,0.0022285612474039294
E4_N44,F01_036093_2260_XN_46N353W,11944,-4.211780895640461e-06,119.10575189098606,0.0044267797138005955
E4_N44,F04_037293_2256_XI_45N355W,41270,-0.00021144330429770307,104.57001205381482,0.00216367755558046
E4_N44,F05_037649_2276_XN_47N355W,7128,0.0014949917547629442,116.81667683234252,0.004926378367163308
E4_N44,F16_042146_2251_XN_45N354W,557,-0.0011745966355901233,137.84724072879263,0.0005672847843077964
E4_N44,F22_044480_2251_XI_45N352W,155793,-0.00013005901908000604,109.79143056361245,0.001320767515772098
E4_N44,G02_018885_2274_XN_47N355W,96818,0.0004742885437878332,124.72291499094952,0.006831937592630311
E4_N44,G02_019030_2250_XI_45N354W,467,0.0018005443815557192,114.15517515390792,0.004148484087570245
E4_N44,G03_019531_2288_XN_48N352W,35002,-0.0003844988184876898,102.1037188220941,0.0033530500944707643
E4_N44,G15_024199_2272_XN_47N354W,102476,-0.0012786719564131972,116.7350270676945,0.001008941899427632
E4_N44,G16_024410_2250_XI_45N354W,127,-0.0020063571350966837,145.98996524360237,0.002210543148632539
E4_N44,G19_025478_2290_XN_49N353W,72829,0.00026976597557006754,132.20106052684199,0.008975119087988948
E4_N44,G19_025755_2235_XN_43N353W,5245,-0.0009983551790653823,99.87828102657292,0.0024701387452258183
E4_N44,G20_025966_2256_XI_45N355W,2512,0.0005989388707975218,92.42092331807325,0.00276257980668694
E4_N44,G22_026678_2284_XN_48N353W,114315,-0.00014186520928796752,124.3779889655229,0.008104028590480303
E4_N44,G23_027100_2228_XN_42N353W,4213,-0.0005372415174981365,113.29198569717244,0.0018811318824460603
E4_N44,J01_045113_2257_XI_45N355W,15123,-0.0007106021242344275,113.24290963836127,0.001840670333392278
E4_N44,J20_052418_2249_XI_44N354W,77145,-0.0003289422898082229,114.66187265559174,0.0011791759165053466
E4_N44,K02_053987_2264_XI_46N354W,19298,0.003374347505008024,122.31201166814566,0.017249766791719752
E4_N44,K05_055253_2256_XN_45N355W,131,-0.0038008149522242743,141.8278789957061,0.0007219758820173487
E4_N44,P02_001928_2264_XI_46N354W,4725,0.009792737662062156,115.732269551918,0.024186566845951517
E4_N44,P15_006820_2256_XN_45N353W,204596,-0.0003102609735151566,126.44388433295067,0.003739366218931545
E4_N44,P17_007611_2238_XN_43N352W,158479,-0.00028794967043903867,97.53579097033361,0.0004877078823752654
E4_N44,P17_007677_2287_XN_48N355W,55496,-0.0002559592668049266,115.49063901776141,0.002895970991309061
E4_N44,P18_007901_2250_XN_45N351W,243,-0.000793875212558256,106.95799977494856,0.0001166769015232562
E4_N44,P18_008112_2251_XI_45N352W,1954,-0.0002671821652778671,98.27938233671316,0.003486864501172873
E4_N44,P20_008758_2277_XN_47N354W,125035,0.0005274031709879892,116.67993029920372,0.008229660964206636
E4_N44,P22_009681_2243_XI_44N355W,84668,-2.2977008227864178e-05,106.55518941446296,0.0026008849130896433
E4_N44,P22_009760_2250_XI_45N352W,65597,-0.0001931845320330399,105.58278305886702,0.0007405451045061414
E8_N40,B02_010261_2248_XI_44N348W,2272,0.0004766311259282167,136.71794407804248,0.004328416408216199
E8_N40,B18_016775_2190_XN_39N347W,2715,0.004349629110922756,137.7247316701197,0.016246248004421194
E8_N40,B20_017408_2244_XN_44N351W,5160,0.000725695813232085,144.56062390231347,0.01237395577098268
E8_N40,D01_027535_2219_XI_41N348W,409,0.0013890260908181573,108.94256427643643,0.0043459406236135084
E8_N40,D04_028722_2219_XI_41N348W,26057,-0.0004429899923601977,130.75497958052298,0.0014709798657054295
E8_N40,D05_029012_2219_XI_41N348W,19831,-0.000291134403990753,101.10950530025592,0.003058846116991592
E8_N40,D22_035961_2215_XN_41N349W,47945,0.0009524839933317023,137.25045380774847,0.008238136576283266
E8_N40,F04_037372_2205_XN_40N351W,5306,0.009575449007966154,130.83711044248255,0.019471444707300205
E8_N40,F20_043781_2195_XI_39N351W,30039,-0.0011737917614891688,86.66563038362628,0.00797939970051716
E8_N40,F21_043926_2195_XI_39N351W,14642,0.0007727247380495131,88.16195470702858,0.010779613256807732
E8_N40,F22_044480_2251_XI_45N352W,1333,0.0008230627981142128,166.63367550872093,0.00147862845298851
E8_N40,F22_044493_2257_XI_45N349W,24150,0.001422599986085146,139.15953286749482,0.007757173565974979
E8_N40,G04_019676_2214_XN_41N349W,168396,0.0006090307656406677,124.54662544871908,0.010343086919154094
E8_N40,G04_019821_2185_XN_38N348W,836,0.0025444885872199004,166.12863290595095,0.007428739007439021
E8_N40,G16_024423_2198_XN_39N348W,416,0.007622925802953821,147.0703852726863,0.01476985652456838
E8_N40,J02_045416_2248_XI_44N348W,155352,-0.0004529459517911793,149.06723390670862,0.003609529063508591
E8_N40,J02_045456_2195_XI_39N352W,9510,-0.0033651532198788405,105.11893319532072,0.0003976713535444292
E8_N40,J02_045627_2256_XI_45N349W,16236,0.003717631083293602,161.20472704127786,0.01268846874857365
E8_N40,J03_046115_2227_XN_42N349W,45853,0.00027475956718916024,130.99625267328474,0.005843939312354308
E8_N40,J04_046537_2219_XI_41N351W,144214,0.00038133960171928363,108.83728454463723,0.016088656503437743
E8_N40,J15_050585_2227_XN_42N347W,1244,0.005059957904609336,168.5992396314811,0.008459664520709795
E8_N40,J16_050875_2214_XN_41N348W,11615,-0.00015366683700887579,116.5806168108319,0.0031781186515212516
E8_N40,K03_054633_2211_XN_41N349W,394,0.003619688507476351,166.23871500237945,0.008257134377382144
E8_N40,K03_054699_2219_XN_41N351W,20643,-0.001234925609110757,118.14250106157354,0.0063102677405823225
E8_N40,K04_055121_2218_XN_41N351W,7318,0.000376496950310483,111.99661192329701,0.0044199852114197346
E8_N40,K05_055266_2219_XN_41N349W,110246,-0.00021268702958713638,104.66250582504126,0.002235540239484369
E8_N40,K05_055411_2216_XN_41N349W,146676,-8.777292849175254e-05,134.86406338683986,0.007779682258630849
E8_N40,K06_055543_2212_XN_41N350W,48519,0.00016314363726085913,120.55655200395077,0.0055801702580437615
E8_N40,P01_001466_2215_XI_41N348W,25580,-0.0006947903836502832,137.87720440468627,0.002107276987825961
E8_N40,P04_002508_2218_XI_41N348W,182281,-0.00024078000878462305,124.34429210493516,0.0035676939995576387
E8_N40,P14_006622_2219_XI_41N348W,24376,-0.0001900008037023307,127.7980003945351,0.0024592034384354356
E8_N40,P15_006754_2196_XI_39N351W,19387,0.0005086035598492394,110.63088733147535,0.008553470364779155
E8_N40,P15_007044_2222_XN_42N349W,31409,-0.0007247564574347389,98.824626394654,0.0016203512487603284
E8_N40,P16_007255_2202_XN_40N350W,148122,-7.58986695222853e-05,104.23676832378884,0.010494512597162454
E8_N40,P16_007400_2202_XN_40N350W,173636,-0.00036796451273788186,116.06731212763339,0.004293153640909685
E8_N40,P17_007611_2238_XN_43N352W,7808,-0.001989978160015719,116.18728600173701,0.0024753005978074374
E8_N40,P17_007756_2202_XI_40N351W,128476,0.0005076900824897306,111.80816673384037,0.014287294490725227
E8_N40,P17_007835_2249_XN_44N349W,32368,-0.0011025075657797628,145.41864122286094,0.00413144366658365
E8_N40,P18_007901_2250_XN_45N351W,62745,-0.0002940850629746637,146.84971068100546,0.009225041479916036
E8_N40,P18_008046_2253_XN_45N350W,124453,4.0776729962753496e-05,141.21735560908286,0.008354019131981283
E8_N40,P18_008112_2251_XI_45N352W,39183,-0.0016220003005724874,140.73704900124096,0.007025809000806879
E8_N40,P20_008916_2249_XN_44N348W,21162,0.0011716232056765993,146.97536383206042,0.012130165805270618
E8_N40,P21_009338_2253_XN_45N350W,95355,-4.936385007444524e-05,118.02256977216716,0.005434031075747086
E8_N40,P22_009694_2267_XN_46N350W,2795,0.00045565144838985986,147.69586594364938,0.003930397991002295
E8_N40,P22_009760_2250_XI_45N352W,632,-0.0006388297425789477,135.96835906596124,0.017233399965864264
E8_N44,B01_010195_2277_XN_47N347W,40096,0.0008663597325918324,124.04433928883181,0.011566280161253141
E8_N44,B02_010261_2248_XI_44N348W,139518,0.0001264785492617726,109.16878118017254,0.004606028921041959
E8_N44,B02_010406_2289_XN_48N348W,15525,0.0013274138673222604,111.6012411936393,0.013732127290143942
E8_N44,B03_010683_2290_XI_49N351W,39199,-0.00030627180743003293,146.42596769847444,0.0022245323501325367
E8_N44,B03_010749_2287_XI_48N352W,39335,3.196785551291789e-05,129.36609514526663,0.002987182370279718
E8_N44,B04_011329_2241_XI_44N347W,751,0.0012161847560443824,74.58183489722038,0.005425189130178581
E8_N44,B17_016274_2258_XN_45N350W,34053,0.000988169962059795,141.10167798519038,0.006090585598209563
E8_N44,B20_017408_2244_XN_44N351W,10623,0.0007819953546353182,119.12810738639038,0.010375136867839398
E8_N44,D04_028801_2268_XN_46N348W,18233,0.00015268560654612136,120.32800459674766,0.005291952991492555
E8_N44,F02_036739_2274_XN_47N351W,41185,0.0007010126387463929,125.5543414528196,0.006404143228717993
E8_N44,F22_044480_2251_XI_45N352W,102004,6.629326878412347e-05,110.21754077582129,0.0025137497883320746
E8_N44,F22_044493_2257_XI_45N349W,111219,-0.0009212131482251742,127.89155863445657,0.006805726579789151
E8_N44,J01_045205_2297_XI_49N349W,25991,-0.0035145855717024213,119.43368167105922,0.0013848324033040012
E8_N44,J02_045416_2248_XI_44N348W,147936,-0.00046757368240235353,112.87844147580077,0.0005699127959857843
E8_N44,J02_045627_2256_XI_45N349W,90965,-0.0005610160552984404,106.89863127731132,0.0005579606137288772
E8_N44,J04_046537_2219_XI_41N351W,1197,-0.0036000159968687185,84.52735925099206,0.0019195809505791182
E8_N44,K04_055121_2218_XN_41N351W,664,-0.003281001656397303,89.73510006824172,0.00018215186869301433
E8_N44,P17_007835_2249_XN_44N349W,42396,-9.383311377017555e-05,147.6499054303472,0.009214599836238731
E8_N44,P18_007901_2250_XN_45N351W,183958,-0.00016277515869128064,107.77474744362505,0.0013144291367947042
E8_N44,P18_008046_2253_XN_45N350W,248710,-2.9316860853419357e-05,115.77508792242973,0.0033044823848884827
E8_N44,P18_008112_2251_XI_45N352W,2159,0.0006186931304589945,96.94026368544465,0.0042238026365189075
E8_N44,P20_008916_2249_XN_44N348W,212349,-0.0002269045489454982,109.98756709823068,0.0024756634860379294
E8_N44,P21_009272_2280_XN_48N348W,64910,0.0009415639856608317,135.0479847547325,0.022296453772023175
E8_N44,P21_009338_2253_XN_45N350W,247704,-0.00028664485997098566,123.50462108457197,0.00287349442505463
E8_N44,P22_009483_2274_XN_47N349W,63949,0.002491355396902833,134.6944397189313,0.02225199960309118
E8_N44,P22_009549_2289_XN_48N351W,45952,0.0002997460367824753,148.3071842884287,0.00446954842414622
E8_N44,P22_009694_2267_XN_46N350W,214903,0.0004750223859612481,130.86757778327606,0.006736752879654772
E8_N44,P22_009760_2250_XI_45N352W,1789,-5.294427765315187e-07,104.15239506183622,0.0019639624730624274
