PRODUCT_ID,n_tiles,TI_min,TI_max,TJ_min,TJ_max
B01_009853_2288_XN_48N011W,204881,17621,18352,-4350,-3940
B01_009892_2148_XI_34N353W,235861,12253,13323,2344,2708
B01_009905_2253_XI_45N352W,182318,16353,17015,2757,3161
B01_009919_2280_XI_48N012W,344211,17102,18314,-4779,-4222
B01_009958_2210_XI_41N356W,251032,14559,15591,1022,1425
B01_009998_2163_XI_36N010W,130522,13094,13609,-3932,-3586
B01_010064_2278_XN_47N011W,290944,16897,18334,-4509,-4056
B01_010103_2236_XI_43N355W,292482,15463,16607,1341,1788
B01_010130_2163_XN_36N011W,171894,12953,13723,-4430,-4097
B01_010143_2216_XN_41N009W,197186,14944,15683,-3633,-3231
B01_010182_2258_XI_45N353W,275417,16327,17359,2287,2738
B01_010195_2277_XN_47N347W,389513,16862,18268,4215,4736
B01_010209_2277_XN_47N010W,206254,16834,18316,-4008,-3474
B02_010248_2250_XI_45N354W,149489,16294,16876,1909,2263
B02_010261_2248_XI_44N348W,508482,15533,17464,3903,4467
B02_010275_2163_XI_36N010W,111333,13100,13607,-3904,-3610
B02_010288_2247_XI_44N007W,200417,16066,16837,-2801,-2405
B02_010301_2200_XN_40N003W,129678,14472,14951,-1330,-965
B02_010354_2163_XI_36N008W,107703,13115,13588,-3160,-2854
B02_010406_2289_XN_48N348W,187389,17471,18569,4038,4406
B02_010459_2250_XI_45N354W,158950,16263,16882,1711,2070
B02_010486_2277_XI_47N012W,388771,16873,18281,-4947,-4424
B02_010512_2179_XN_37N001W,30253,13806,14077,-415,-265
B02_010525_2212_XN_41N356W,140380,14586,15721,1227,1525
B02_010565_2277_XI_47N009W,431941,16796,18353,-3855,-3298
B02_010591_2152_XN_35N357W,58852,12799,13080,1003,1258
B02_010604_2269_XI_46N353W,137253,16990,17494,2430,2781
B03_010657_2168_XN_36N359W,69011,13384,13703,58,326
B03_010683_2290_XI_49N351W,271610,17587,18542,3107,3555
B03_010710_2169_XN_36N006W,164196,13088,14004,-2591,-2280
B03_010723_2214_XN_41N002W,74753,15092,15411,-936,-646
B03_010736_2159_XN_35N356W,59909,13073,13355,1103,1364
B03_010749_2287_XI_48N352W,340682,17344,18522,2655,3128
B03_010776_2277_XN_47N010W,203044,16817,18287,-4057,-3658
B03_010842_2142_XN_34N010W,241922,12032,13141,-3911,-3539
B04_011264_2163_XN_36N011W,86174,12961,13721,-4478,-4257
B04_011276_2233_XN_43N340W,281583,14850,17036,7004,7485
B04_011277_2168_XN_36N006W,97656,13101,13974,-2665,-2427
B04_011277_2283_XN_48N008W,531845,16840,18735,-3492,-2878
B04_011329_2241_XI_44N347W,340971,15574,16907,4368,4841
B04_011343_2250_XI_45N009W,168753,16231,16888,-3856,-3490
B05_011409_2266_XN_46N012W,71717,17008,17289,-4618,-4306
B05_011422_2168_XI_36N005W,181906,13116,13925,-2301,-1955
B05_011620_2266_XI_46N012W,51721,17041,17246,-4568,-4268
B05_011633_2274_XN_47N007W,388755,16763,18169,-3075,-2557
B05_011685_2274_XI_47N347W,325112,16873,18054,4442,4923
B06_011830_2258_XN_45N344W,72429,16728,17007,5622,5932
B06_011870_2147_XN_34N355W,58606,12688,12969,1385,1640
B06_011976_2145_XN_34N009W,40189,12529,12840,-3646,-3475
B07_012200_2153_XN_35N005W,84018,12789,13183,-2086,-1814
B07_012516_2154_XN_35N352W,42468,12832,13226,2631,2905
B08_012635_2147_XI_34N001W,58670,12598,12879,-645,-391
B09_012951_2113_XN_31N348W,238116,10925,12073,4214,4575
B09_013334_2143_XN_34N004W,58629,12468,12748,-1814,-1561
B10_013518_2150_XN_35N351W,70454,12708,12999,3128,3435
B12_014138_2234_XN_43N356W,48539,15860,16065,1121,1403
B12_014178_2145_XI_34N007W,192764,12217,13098,-2853,-2512
B12_014270_2227_XN_42N000W,124572,15509,16015,-346,-19
B16_015879_2125_XN_32N004W,381899,11053,12840,-1981,-1524
B16_015905_2190_XN_39N355W,80723,14150,14507,1368,1658
B16_015905_2232_XN_43N356W,67807,15760,16042,1097,1393
B16_015918_2127_XN_32N349W,65051,11862,12181,3819,4070
B16_015958_2163_XN_36N002W,437355,12361,14297,-1028,-527
B16_015971_2144_XI_34N356W,425000,11663,13599,1042,1522
B16_015984_2149_XN_34N351W,427100,11856,13792,2800,3292
B16_016011_2180_XI_38N012W,202147,13616,14323,-4821,-4398
B16_016024_2117_XN_31N003W,272115,10980,12278,-1427,-1043
B16_016037_2158_XN_35N359W,67983,12835,13443,267,475
B16_016037_2226_XN_42N000W,66832,15517,15799,-257,35
B16_016063_2132_XN_33N348W,40097,12016,12399,4252,4411
B16_016077_2144_XN_34N010W,208027,12173,13128,-4143,-3745
B17_016090_2127_XN_32N005W,413295,11043,12982,-2230,-1752
B17_016116_2102_XI_30N355W,401476,10119,12060,1569,2032
B17_016129_2162_XN_36N350W,246469,12744,13852,3295,3683
B17_016169_2169_XI_36N001W,266834,12795,14310,-857,-472
B17_016182_2232_XN_43N356W,73226,15757,16035,1094,1401
B17_016195_2250_XN_45N354W,434176,15748,17382,1674,2239
B17_016222_2128_XN_32N009W,324386,11285,12810,-3596,-3175
B17_016235_2120_XN_32N004W,152441,11414,12148,-1609,-1303
B17_016274_2258_XN_45N350W,35572,16716,16996,3456,3762
B17_016287_2222_XI_42N344W,480830,14567,16496,5319,5908
B17_016288_2131_XI_33N010W,376625,11302,13047,-4237,-3736
B17_016300_2282_XN_48N340W,265562,17289,18244,6867,7318
B17_016301_2250_XN_45N007W,99777,16357,16750,-2834,-2515
B17_016327_2160_XI_36N356W,59851,13082,13364,1101,1362
B17_016340_2161_XN_36N351W,255494,12715,13861,3090,3475
B17_016366_2244_XN_44N342W,396407,15370,17299,6292,6807
B17_016367_2117_XN_31N007W,208000,11140,12137,-2984,-2642
B17_016380_2126_XN_32N002W,333136,11022,12956,-1170,-735
B17_016393_2116_XN_31N357W,248456,11033,12218,773,1142
B17_016433_2266_XN_46N011W,71965,17019,17300,-4496,-4183
B17_016446_2125_XN_32N004W,165142,11405,12508,-1766,-1469
B17_016459_2197_XN_39N000W,233954,13657,15580,-331,76
B17_016472_2287_XN_48N357W,106376,17550,18307,969,1244
B18_016498_2264_XI_46N345W,354369,16455,17747,5194,5665
B18_016525_2143_XN_34N001W,74704,12377,12877,-607,-391
B18_016551_2162_XN_36N351W,86513,12939,13698,3017,3237
B18_016578_2250_XN_45N007W,116001,16354,16744,-2845,-2496
B18_016591_2223_XN_42N004W,304207,14943,16162,-1872,-1435
B18_016604_2160_XI_36N356W,64665,13061,13340,1100,1373
B18_016643_2264_XI_46N345W,335567,16444,17665,4992,5495
B18_016683_2125_XN_32N354W,235641,11386,12495,1794,2157
B18_016696_2161_XN_36N350W,54797,12790,13774,3588,3830
B18_016722_2217_XN_41N340W,263443,14291,16438,6835,7300
B18_016736_2136_XN_33N002W,165616,11980,12749,-918,-580
B18_016736_2224_XN_42N003W,267835,15075,16146,-1492,-1075
B18_016749_2126_XI_32N356W,366512,11117,12830,994,1437
B18_016775_2190_XN_39N347W,163745,13788,14889,4380,4693
B18_016788_2273_XI_47N345W,576180,16443,18380,5025,5715
B18_016789_2162_XN_36N009W,256650,12745,13892,-3525,-3139
B18_016815_2151_XI_35N358W,428916,11929,13865,329,816
B18_016828_2143_XI_34N354W,430198,11647,13587,1931,2421
B18_016841_2178_XN_37N349W,284644,13049,14785,3835,4310
B19_016855_2177_XN_37N011W,367313,13052,14650,-4310,-3849
B19_016868_2125_XN_32N004W,99197,11051,12865,-1982,-1620
B19_016868_2250_XI_45N006W,99325,16349,16742,-2661,-2342
B19_016894_2125_XI_32N355W,73080,11566,12262,1680,1984
B19_016894_2286_XN_48N357W,214448,17523,18291,714,1132
B19_016907_2120_XN_32N349W,64957,11595,11913,3856,4107
B19_016933_2278_XN_47N342W,101093,17254,17986,6154,6576
B19_016947_2164_XN_36N002W,402804,12491,14277,-1201,-721
B19_016960_2263_XN_46N359W,72823,16797,17343,-120,244
B19_016973_2136_XN_33N352W,229710,11833,12905,2746,3107
B19_016999_2240_XN_44N343W,507522,14774,17639,5778,6420
B19_017026_2202_XN_40N000W,63635,14633,14914,-160,116
B19_017039_2250_XN_45N354W,304832,16011,17154,1711,2143
B19_017052_2143_XN_34N349W,198905,12140,13063,3781,4114
B19_017066_2211_XN_41N012W,287088,14537,15721,-4780,-4358
B19_017079_2126_XN_32N006W,413019,11016,12958,-2426,-1984
B19_017105_2229_XI_42N357W,124431,15530,16036,892,1217
B19_017118_2113_XN_31N350W,104191,11024,12021,3292,3634
B19_017145_2132_XN_33N008W,322680,11130,13288,-3244,-2793
B19_017158_2261_XN_46N004W,458880,16110,17823,-2033,-1559
B19_017171_2189_XN_38N358W,135711,14013,14593,615,928
B19_017184_2187_XI_38N353W,227271,13262,15198,1996,2518
B20_017277_2139_XN_33N011W,185848,11942,12999,-4573,-4156
B20_017290_2162_XI_36N008W,61002,13172,13455,-3130,-2863
B20_017303_2225_XI_42N003W,129296,15117,16148,-1322,-914
B20_017356_2134_XN_33N008W,230553,11762,12834,-3466,-3104
B20_017356_2242_XN_44N010W,98278,16074,16468,-4044,-3727
B20_017369_2147_XN_34N004W,284979,12098,13395,-1666,-1266
B20_017382_2134_XN_33N358W,255254,11698,12882,286,663
B20_017395_2263_XN_46N356W,267584,16558,17552,1268,1710
B20_017408_2244_XN_44N351W,69943,16183,16466,3165,3471
B20_017514_2222_XN_42N004W,221239,14959,16140,-1612,-1295
B20_017527_2288_XN_48N000W,390106,17283,18653,-358,161
B20_017553_2186_XN_38N348W,141680,13893,14512,4219,4539
B20_017567_2157_XI_35N009W,334251,12375,13859,-3692,-3269
B20_017580_2246_XN_44N005W,180369,16083,16779,-2191,-1871
B20_017593_2265_XN_46N001W,473940,16260,18004,-847,-283
B20_017606_2134_XI_33N354W,287243,11590,12924,1877,2279
B20_017606_2267_XN_46N356W,153036,16793,17593,1096,1422
B20_017619_2162_XI_36N350W,60043,13173,13455,3500,3761
B21_017646_2281_XN_48N008W,525536,16668,18748,-3560,-2947
B21_017738_2262_XI_46N001W,291955,15953,18062,-608,-92
B21_017751_2248_XN_44N355W,59297,16363,16607,1708,2002
B21_017778_2198_XN_39N010W,239331,14130,15124,-4066,-3690
B21_017804_2267_XI_46N002W,515994,16263,18157,-1112,-525
B21_017817_2266_XI_46N358W,431935,16387,17946,341,908
B21_017883_2144_XN_34N358W,68934,12474,12796,479,748
B21_017949_2263_XN_46N359W,136366,16797,17301,-107,240
B21_017989_2140_XN_34N011W,183379,11967,13035,-4334,-4015
B22_018081_2250_XI_45N006W,121039,16335,16774,-2691,-2322
B22_018239_2174_XI_37N358W,120156,13476,13987,386,706
B22_018279_2197_XN_39N010W,242177,14128,15125,-4075,-3669
B22_018358_2277_XI_47N008W,321419,16827,18341,-3286,-2797
B22_018371_2119_XN_31N000W,128972,11432,12052,-172,120
B22_018384_2267_XI_46N357W,455737,16361,18030,610,1173
D01_027417_2195_XN_39N009W,405843,13837,15218,-3779,-3215
D01_027430_2228_XN_42N001W,220649,15143,16320,-881,-509
D01_027456_2135_XI_33N350W,57350,12149,12431,3427,3677
D01_027469_2243_XI_44N347W,117494,16046,16516,4653,4984
D01_027482_2300_XN_50N343W,219686,17690,19172,5797,6398
D01_027483_2269_XI_46N009W,72718,17121,17404,-3794,-3476
D01_027535_2219_XI_41N348W,246056,14909,15905,4024,4431
D01_027562_2146_XN_34N003W,113032,12222,13245,-1500,-1250
D01_027575_2300_XN_50N001W,432924,17679,19159,-738,-177
D01_027588_2249_XI_44N354W,260683,16030,17029,1680,2098
D01_027601_2242_XI_44N347W,163991,15990,16530,4640,5005
D01_027707_2199_XN_39N003W,109837,14457,14927,-1352,-1043
D02_027826_2265_XN_46N012W,30827,17025,17258,-4530,-4360
D02_027892_2219_XI_41N011W,501093,14180,16632,-4378,-3862
D02_027997_2172_XN_37N358W,77864,13488,13844,422,696
D02_028037_2116_XI_31N009W,408525,10655,12594,-3873,-3389
D02_028050_2182_XI_38N005W,53014,13939,14183,-2294,-2030
D02_028063_2228_XN_42N001W,172488,15198,16334,-561,-233
D02_028182_2218_XI_41N011W,494917,14124,16620,-4420,-3777
D03_028274_2159_XI_35N359W,47224,12958,13388,27,305
D04_028603_2250_XN_45N342W,69700,16423,16704,6251,6554
D04_028670_2223_XI_42N010W,482742,14636,16535,-4270,-3740
D04_028683_2146_XI_34N003W,196899,12167,13269,-1530,-1220
D04_028709_2137_XN_33N355W,167869,11993,12765,1392,1723
D04_028722_2219_XI_41N348W,285834,14900,15890,4029,4440
D04_028735_2267_XI_46N346W,421750,16444,17966,4938,5444
D04_028788_2146_XN_34N351W,110389,12461,12967,3050,3335
D04_028801_2268_XN_46N348W,94066,17057,17412,4256,4582
D04_028815_2266_XI_46N011W,72565,17012,17295,-4527,-4209
D04_028841_2159_XN_35N359W,102432,12972,13442,13,301
D04_028907_2146_XI_34N003W,307440,12138,13294,-1611,-1146
D05_029012_2219_XI_41N348W,271542,14870,15977,4018,4431
D05_029092_2132_XN_33N011W,136821,11584,12844,-4239,-3859
D05_029144_2242_XN_44N353W,78432,16130,16449,2388,2699
D05_029355_2163_XN_36N352W,172486,12845,13872,2669,2984
D06_029593_2165_XI_36N009W,79133,13223,13578,-3643,-3370
D07_029988_2250_XI_45N355W,261826,16069,17067,1677,2092
D08_030344_2155_XN_35N353W,77510,12861,13216,2215,2484
D08_030371_2139_XN_33N011W,91296,12228,12660,-4392,-4117
D14_032704_2153_XN_35N347W,102646,12759,13230,4373,4664
D14_032770_2154_XN_35N348W,59986,12892,13172,4247,4505
D15_032915_2154_XN_35N348W,67941,12870,13190,4242,4508
D15_032929_2134_XI_33N010W,132443,11984,12605,-3879,-3575
D15_032929_2265_XN_46N011W,82210,16982,17301,-4482,-4163
D15_032968_2170_XI_37N353W,298893,13021,14202,2389,2774
D15_033047_2171_XI_37N353W,283475,13009,14231,2386,2815
D15_033100_2226_XN_42N000W,67132,15524,15806,-317,-24
D15_033113_2155_XN_35N353W,67873,12904,13222,2216,2478
D15_033140_2237_XN_43N012W,233502,15622,16542,-4769,-4369
D15_033179_2174_XN_37N356W,377252,12847,14632,1166,1655
D15_033219_2134_XI_33N010W,164574,11954,12620,-3912,-3548
D15_033245_2165_XN_36N358W,61318,13311,13594,294,562
D15_033258_2155_XN_35N353W,68801,12929,13250,2201,2471
D16_033377_2199_XN_39N003W,119713,14445,14953,-1315,-997
D16_033390_2180_XI_38N356W,308296,13294,14627,995,1413
D16_033430_2223_XI_42N010W,484568,14622,16522,-4297,-3708
D16_033469_2256_XI_45N355W,404972,16026,17550,1590,2102
D17_033733_2124_XN_32N000W,56863,11781,12062,-247,-1
D17_033786_2211_XN_41N009W,34906,15001,15202,-3417,-3207
D17_033812_2234_XN_43N000W,120109,15501,16423,-302,114
D17_033865_2246_XN_44N005W,179234,16078,16771,-2297,-1932
D17_033891_2174_XI_37N356W,195776,13361,14173,1100,1475
D17_033918_2134_XN_33N010W,148585,11961,12618,-3877,-3573
D17_034023_2175_XI_37N356W,203936,13372,14177,1115,1463
D18_034076_2127_XN_32N004W,56805,11912,12193,-1854,-1607
D18_034234_2124_XN_32N000W,66781,11759,12049,-268,21
D18_034274_2194_XN_39N011W,72815,14325,14646,-4467,-4183
D18_034287_2183_XN_38N005W,106109,13873,14343,-2309,-2011
D18_034300_2137_XN_33N359W,57701,12273,12554,12,262
D18_034339_2267_XI_46N346W,419619,16425,17947,4955,5463
D19_034485_2176_XI_37N011W,386429,12985,14657,-4508,-4039
D19_034564_2152_XN_35N007W,60129,12822,13102,-2950,-2692
D19_034590_2226_XN_42N000W,67504,15537,15820,-189,106
D19_034603_2155_XN_35N353W,76135,12894,13251,2309,2577
D19_034656_2193_XN_39N000W,63279,14332,14612,-329,-56
D19_034669_2178_XN_37N355W,60446,13633,14166,1433,1623
D19_034709_2156_XN_35N007W,162037,12741,13475,-3093,-2763
D19_034762_2170_XN_37N011W,370626,12989,14245,-4505,-4088
D19_034775_2266_XI_46N011W,54556,17004,17281,-4489,-4239
D19_034801_2115_XN_31N358W,406124,10282,12855,151,663
D20_034880_2116_XN_31N355W,184040,11162,12046,1404,1731
D20_035025_2141_XN_34N355W,66383,12394,12713,1636,1894
D20_035052_2118_XN_31N011W,83791,11416,11955,-4459,-4229
D20_035078_2184_XN_38N005W,137670,13867,14350,-2355,-1971
D20_035131_2223_XI_42N010W,240665,14622,16524,-4288,-3716
D20_035157_2226_XN_42N000W,66683,15536,15817,-186,104
D20_035197_2199_XN_39N009W,71496,14554,14833,-3680,-3381
D20_035210_2278_XN_47N008W,74959,17480,17764,-3429,-3100
D20_035223_2133_XN_33N000W,106652,12006,12513,-375,-94
D21_035236_2144_XN_34N356W,59693,12516,12799,1135,1396
D21_035302_2263_XN_46N359W,154241,16741,17323,-111,255
D21_035407_2260_XI_46N345W,265223,16443,17440,5041,5471
D21_035434_2242_XN_44N002W,502105,15302,17234,-1349,-777
D21_035447_2117_XN_31N356W,206687,10687,12624,1146,1640
D21_035487_2215_XN_41N009W,244481,14749,15745,-3864,-3458
D21_035500_2140_XN_34N003W,257252,11905,13091,-1432,-1065
D21_035526_2121_XN_32N352W,225669,11255,12327,2513,2869
D21_035539_2147_XN_34N348W,58374,12636,12918,4231,4486
D22_035658_2166_XN_36N357W,206247,13024,13945,922,1277
D22_035698_2176_XI_37N011W,446759,12975,14655,-4550,-3988
D22_035764_2120_XN_32N010W,151483,11308,12262,-3878,-3591
D22_035790_2269_XN_46N001W,531062,16317,18248,-947,-363
D22_035843_2149_XN_34N008W,349372,12020,13582,-3183,-2715
D22_035909_2139_XN_33N008W,156184,11992,12945,-3287,-2988
D22_035909_2251_XN_45N010W,69810,16471,16752,-3944,-3642
D22_035961_2215_XN_41N349W,136294,14710,15807,3734,4027
F01_036053_2245_XN_44N341W,248294,15430,17331,6562,7132
F01_036093_2260_XN_46N353W,71403,16795,17075,2375,2683
F01_036119_2291_XN_49N343W,119546,17681,18513,5853,6141
F01_036199_2148_XN_34N007W,216239,11811,13751,-3237,-2620
F01_036265_2135_XN_33N006W,266740,11507,13143,-2654,-2317
F01_036265_2260_XN_46N008W,111803,16717,17148,-3368,-3035
F01_036291_2144_XN_34N356W,56338,12486,12837,1073,1282
F01_036330_2245_XN_44N342W,35101,16226,16506,6474,6774
F01_036344_2253_XN_45N005W,415356,15625,17702,-2216,-1676
F01_036357_2252_XN_45N000W,421973,15508,17771,-318,238
F02_036396_2272_XI_47N346W,538079,16420,18356,4883,5493
F02_036397_2266_XI_46N011W,72057,17009,17289,-4522,-4211
F02_036475_2241_XI_44N341W,425620,15410,17044,6440,6973
F02_036476_2194_XN_39N007W,144994,14174,14793,-2851,-2528
F02_036555_2299_XN_49N006W,421843,17442,19366,-2773,-2197
F02_036581_2292_XN_49N357W,286475,17638,18633,823,1303
F02_036608_2190_XN_39N012W,98939,14149,14582,-4675,-4377
F02_036621_2278_XN_47N008W,74380,17482,17765,-3428,-3102
F02_036634_2186_XN_38N002W,63020,14045,14328,-1005,-730
F02_036647_2145_XN_34N356W,223844,11993,13360,1239,1595
F02_036660_2131_XN_33N351W,243049,11631,12742,2867,3247
F02_036713_2226_XN_42N000W,67645,15532,15815,-189,107
F02_036726_2155_XN_35N353W,76110,12885,13242,2310,2579
F02_036739_2274_XN_47N351W,301419,16917,17988,2977,3468
F02_036752_2293_XN_49N345W,348750,17564,18782,5149,5655
F02_036753_2223_XI_42N010W,481575,14623,16527,-4267,-3736
F03_036858_2138_XN_33N356W,84156,12242,12635,1241,1509
F03_036871_2196_XN_39N353W,111802,14173,14971,2453,2713
F03_036898_2252_XN_45N011W,79953,16503,16822,-4217,-3906
F03_036937_2251_XI_45N355W,303633,16012,17155,1664,2100
F03_036950_2137_XN_33N349W,304734,11722,13132,3872,4285
F03_037003_2230_XN_43N357W,92889,15564,16065,796,1061
F03_037095_2138_XI_33N348W,308946,11696,13108,4035,4461
F03_037122_2154_XN_35N008W,533491,12032,13975,-3284,-2648
F03_037148_2155_XN_35N355W,139782,12447,13695,1714,2000
F04_037187_2244_XN_44N342W,230153,15925,16809,6406,6824
F04_037214_2159_XN_35N357W,323676,12523,13970,912,1336
F04_037293_2126_XN_32N353W,146200,11625,12320,2442,2749
F04_037293_2256_XI_45N355W,405567,16024,17549,1593,2102
F04_037320_2200_XN_40N012W,73778,14558,14879,-4661,-4372
F04_037359_2175_XN_37N355W,61061,13672,13953,1563,1827
F04_037372_2205_XN_40N351W,83089,14741,15099,2934,3229
F04_037386_2160_XN_36N012W,60150,13103,13384,-4604,-4344
F04_037425_2125_XN_32N357W,180032,11109,12810,952,1296
F04_037465_2223_XN_42N010W,487779,14625,16560,-4286,-3713
F04_037491_2226_XN_42N000W,66684,15547,15828,-166,124
F04_037530_2282_XN_48N345W,539478,16478,19040,4908,5581
F04_037544_2216_XN_41N006W,299456,14698,15919,-2714,-2282
F05_037649_2116_XN_31N351W,73767,11301,11910,2885,3116
F05_037649_2276_XN_47N355W,117621,17314,17748,1637,1995
F05_037754_2257_XN_45N340W,342511,16158,17452,7134,7614
F05_037807_2267_XI_46N346W,421724,16443,17960,4962,5467
F05_037953_2149_XN_34N010W,42391,12723,13107,-4034,-3871
F06_038071_2130_XI_33N350W,66674,11830,12439,3355,3542
F06_038190_2279_XN_47N000W,37680,17496,17775,-484,-162
F06_038230_2157_XN_35N012W,30754,13031,13232,-4518,-4325
F06_038335_2125_XN_32N356W,72708,11758,12115,1089,1345
F07_038441_2132_XN_33N010W,66220,12034,12355,-3847,-3588
F09_039140_2152_XN_35N005W,76592,12767,13125,-2084,-1812
F11_039997_2168_XN_36N359W,66571,13367,13646,-21,258
F13_040841_2204_XN_40N004W,64685,14727,15007,-1661,-1383
F14_041144_2201_XN_40N356W,48348,14632,14907,1235,1452
F16_041922_2189_XN_38N356W,68078,14156,14435,1204,1490
F16_042146_2251_XN_45N354W,301060,16024,17173,1678,2127
F17_042318_2208_XN_40N009W,32644,14831,15111,-3670,-3390
F17_042331_2157_XN_35N007W,233542,12711,13495,-3145,-2693
F17_042529_2139_XN_33N010W,57805,12333,12614,-3907,-3656
F17_042568_2179_XN_37N356W,61711,13817,14099,1301,1570
F17_042595_2207_XN_40N009W,86216,14830,15107,-3698,-3349
F17_042621_2197_XN_39N003W,31838,14458,14739,-1272,-996
F18_042700_2273_XN_47N000W,73859,17288,17567,-241,76
F18_042739_2263_XI_46N345W,409856,16291,17815,4974,5501
F18_042752_2240_XI_44N340W,68406,16068,16348,7298,7593
F18_042885_2265_XN_46N011W,82065,16967,17286,-4544,-4226
F18_042924_2195_XN_39N354W,120643,14056,15049,1836,2208
F18_042964_2161_XN_36N006W,59793,13127,13407,-2668,-2410
F19_043043_2250_XN_45N006W,72846,16440,16725,-2630,-2310
F19_043096_2140_XN_34N011W,58701,12360,12642,-4258,-4004
F19_043109_2250_XN_45N006W,70159,16446,16726,-2618,-2316
F19_043148_2153_XN_35N350W,58904,12845,13126,3474,3729
F19_043333_2230_XN_43N002W,249483,15334,16328,-1066,-663
F19_043346_2220_XN_42N357W,66295,15320,15602,730,1019
F20_043425_2207_XN_40N354W,65246,14842,15125,1916,2201
F20_043544_2214_XN_41N002W,37639,15095,15403,-1008,-841
F20_043557_2144_XN_34N356W,82998,12458,12852,1198,1466
F20_043570_2132_XN_33N351W,57491,12067,12349,2975,3225
F20_043583_2212_XN_41N347W,241875,14656,15652,4363,4760
F20_043623_2161_XN_36N358W,29974,13146,13427,372,630
F20_043649_2212_XN_41N347W,260126,14655,15684,4361,4757
F20_043676_2125_XN_32N005W,191704,11046,12860,-2023,-1669
F20_043702_2224_XN_42N356W,47566,15428,15811,1420,1600
F20_043715_2175_XI_37N350W,409003,12886,14670,3392,3873
F20_043768_2184_XI_38N354W,177821,13492,14746,1853,2265
F20_043781_2195_XI_39N351W,428621,13643,15425,2850,3334
F21_043847_2198_XN_39N354W,64239,14502,14785,1755,2036
F21_043874_2152_XN_35N010W,40820,12737,13157,-3968,-3815
F21_043926_2195_XI_39N351W,441228,13613,15436,2830,3361
F21_043992_2214_XI_41N353W,386582,14443,16002,2160,2660
F21_044019_2185_XI_38N008W,440209,13223,15082,-3470,-2984
F21_044058_2168_XN_36N355W,390773,12738,14300,1306,1836
F21_044071_2175_XI_37N349W,451528,12814,14751,3581,4109
F21_044124_2167_XN_36N355W,353164,12741,14300,1323,1781
F21_044137_2180_XI_38N350W,448013,13027,14963,3133,3645
F21_044164_2185_XI_38N008W,454639,13211,15112,-3494,-2957
F22_044256_2155_XN_35N358W,38334,12898,13244,370,527
F22_044322_2213_XN_41N001W,65160,15064,15346,-761,-478
F22_044335_2185_XN_38N356W,62049,14024,14306,1268,1538
F22_044375_2155_XI_35N007W,296651,12401,13735,-2769,-2369
F22_044388_2163_XN_36N359W,461803,12487,14194,-92,361
F22_044414_2195_XI_39N352W,432509,13622,15443,2635,3130
F22_044427_2295_XI_49N349W,557302,17253,19184,3697,4331
F22_044480_2251_XI_45N352W,607629,15630,17555,2673,3208
F22_044493_2257_XI_45N349W,506479,15861,17754,3592,4150
F22_044506_2244_XI_44N345W,272762,15831,16865,5034,5482
F22_044507_2217_XI_41N008W,562476,14385,16314,-3547,-3028
F23_044665_2237_XN_43N005W,68197,15936,16218,-2082,-1785
F23_044678_2185_XN_38N356W,74355,14011,14289,1256,1563
F23_044691_2235_XI_43N355W,302859,15405,16588,1546,1997
F23_044704_2174_XI_37N349W,410849,12833,14619,3818,4313
F23_044757_2181_XN_38N356W,88982,13810,14205,1306,1596
F23_044770_2199_XN_39N347W,262137,14240,15156,4373,4750
F23_044797_2162_XI_36N006W,205680,12857,13777,-2638,-2291
F23_044810_2136_XN_33N001W,28470,12245,12444,-589,-416
F23_044810_2282_XN_48N003W,180804,17166,18337,-1491,-1142
F23_044836_2175_XI_37N350W,445662,12865,14685,3397,3863
F23_044863_2157_XN_35N008W,21348,13047,13242,-3224,-3088
F23_044876_2152_XN_35N003W,58777,12810,13091,-1340,-1085
F23_044876_2193_XN_39N003W,66868,14152,14797,-1472,-1278
F23_044889_2200_XN_40N359W,20720,14592,14831,180,394
F23_044902_2157_XN_35N353W,84673,12926,13320,2342,2615
F23_044929_2199_XI_39N010W,439992,13762,15583,-3946,-3455
F23_044942_2165_XN_36N004W,60610,13273,13553,-1732,-1472
F23_044968_2253_XN_45N356W,53115,16521,16868,1276,1485
G01_018450_2265_XI_46N359W,421568,16346,17902,129,655
G01_018542_2178_XN_37N349W,401387,13031,14779,3674,4158
G01_018555_2263_XI_46N345W,326031,16444,17664,5006,5481
G01_018556_2193_XI_39N011W,153877,14130,14786,-4314,-3988
G01_018568_2294_XI_49N340W,340420,17596,18776,7034,7516
G01_018582_2267_XI_46N002W,515078,16239,18134,-1344,-755
G01_018661_2263_XN_46N000W,143612,16788,17333,-166,194
G01_018767_2143_XN_34N011W,87558,12212,13010,-4397,-4180
G02_018885_2274_XN_47N355W,261211,16821,18072,1323,1751
G02_018912_2180_XN_38N010W,85796,13753,14217,-4034,-3784
G02_019030_2250_XI_45N354W,296597,16017,17126,1654,2120
G02_019057_2195_XI_39N009W,329317,13845,15215,-3722,-3292
G02_019096_2221_XN_42N355W,121149,15198,15801,1567,1859
G02_019202_2163_XI_36N008W,103066,13115,13584,-3144,-2858
G03_019505_2257_XN_45N359W,290417,16334,17324,-164,250
G03_019531_2288_XN_48N352W,171496,17467,18486,2484,2875
G03_019584_2159_XN_35N357W,175673,12749,13630,819,1141
G04_019624_2188_XN_38N009W,51833,13824,14696,-3787,-3541
G04_019676_2214_XN_41N349W,222815,14726,15756,3573,3946
G04_019690_2176_XN_37N011W,358409,12977,14648,-4496,-4039
G04_019756_2204_XI_40N011W,159986,14548,15165,-4548,-4213
G04_019821_2185_XN_38N348W,323444,13469,14845,3988,4397
G04_019980_2153_XN_35N008W,38352,12817,13163,-3102,-2944
G05_020046_2156_XI_35N009W,222252,12576,13571,-3647,-3292
G05_020138_2122_XN_32N001W,209971,11346,12343,-593,-248
G05_020164_2135_XN_33N351W,133501,11875,12752,3149,3420
G05_020191_2156_XI_35N009W,223443,12564,13562,-3653,-3281
G05_020257_2223_XI_42N010W,483311,14626,16527,-4261,-3738
G05_020270_2185_XN_38N006W,80034,13992,14349,-2509,-2226
G05_020283_2172_XN_37N000W,204634,13073,14326,-487,-143
G05_020349_2113_XN_31N001W,401574,10516,12529,-941,-469
G06_020401_2244_XN_44N344W,19956,16255,16414,5767,5922
G06_020586_2250_XI_45N354W,261174,16072,17069,1672,2103
G06_020639_2141_XI_34N000W,249935,11975,13122,-230,151
G06_020665_2139_XN_33N349W,123067,12075,12840,3678,3944
G06_020731_2117_XN_31N351W,52447,11408,11915,3122,3396
G06_020758_2102_XN_30N008W,401657,10140,12079,-3237,-2770
G07_020876_2133_XN_33N350W,237348,11694,12803,3515,3881
G09_021601_2267_XI_46N346W,414756,16437,17962,4951,5479
G09_021654_2136_XN_33N351W,86542,11932,12729,3257,3473
G09_021694_2169_XN_36N003W,303357,12900,14234,-1559,-1141
G09_021839_2107_XN_30N001W,159974,10550,12064,-709,-401
G10_022037_2152_XN_35N007W,25220,12770,13014,-2914,-2665
G10_022195_2120_XN_32N000W,107499,11404,12131,-396,-152
G11_022406_2123_XN_32N001W,170826,11342,12408,-712,-409
G11_022643_2234_XN_43N356W,84377,15829,16124,1069,1437
G14_023606_2208_XN_40N006W,74162,14879,15169,-2660,-2336
G14_023803_2250_XN_45N347W,91408,16418,16716,4527,4927
G15_024199_2272_XN_47N354W,235961,16801,17939,1773,2173
G15_024226_2223_XI_42N010W,238641,14636,16540,-4275,-3727
G16_024384_2169_XN_36N003W,302863,12919,14253,-1383,-965
G16_024410_2250_XI_45N354W,292403,16029,17137,1656,2113
G16_024423_2198_XN_39N348W,75291,14464,14854,4210,4463
G16_024450_2242_XN_44N006W,222954,15663,16876,-2413,-2038
G16_024581_2233_XN_43N343W,190335,15203,16674,6089,6461
G16_024595_2185_XI_38N006W,90309,13971,14335,-2553,-2233
G16_024647_2264_XI_46N345W,328675,16451,17671,5000,5484
G17_024700_2124_XN_32N350W,372725,11038,12787,3357,3810
G17_024713_2277_XN_47N347W,195046,16870,18265,4462,4838
G17_024727_2250_XN_45N009W,79955,16258,16877,-3654,-3296
G17_024872_2173_XN_37N009W,70851,13576,13866,-3645,-3336
G17_024937_2267_XN_46N343W,154749,16639,17772,6130,6454
G17_024938_2185_XI_38N006W,95356,13967,14321,-2541,-2226
G17_024951_2197_XN_39N003W,140107,14197,15034,-1449,-1167
G17_025003_2300_XN_50N345W,401164,17748,19114,5282,5815
G17_025004_2254_XN_45N012W,120190,16464,16933,-4673,-4337
G18_025069_2250_XN_45N347W,70043,16424,16707,4558,4865
G18_025083_2232_XN_43N008W,491267,14919,16853,-3472,-2912
G18_025135_2250_XN_45N347W,71781,16424,16703,4560,4866
G18_025148_2290_XN_49N344W,259406,17578,18497,5630,6076
G18_025360_2168_XN_36N009W,138752,13200,13819,-3658,-3349
G18_025373_2147_XN_34N004W,292817,12088,13423,-1867,-1462
G18_025425_2271_XI_47N346W,395168,16636,18080,4830,5352
G18_025439_2206_XN_40N007W,119722,14700,15207,-2888,-2572
G19_025478_2290_XN_49N353W,357384,17433,18689,2221,2729
G19_025505_2214_XI_41N009W,480851,14253,16189,-3889,-3329
G19_025518_2207_XN_40N007W,158255,14689,15211,-2936,-2519
G19_025571_2130_XN_33N009W,181847,11636,12593,-3730,-3409
G19_025610_2223_XN_42N354W,163918,15115,16027,1796,2100
G19_025623_2128_XI_32N350W,29334,11924,12208,3547,3802
G19_025636_2267_XI_46N345W,413109,16420,17945,4955,5480
G19_025650_2167_XN_36N009W,167615,13197,13827,-3699,-3318
G19_025663_2272_XI_47N003W,535096,16395,18327,-1757,-1125
G19_025676_2190_XN_39N356W,127250,14093,14636,1318,1627
G19_025729_2260_XN_46N004W,470922,16084,17827,-1870,-1327
G19_025755_2235_XN_43N353W,193548,15614,16383,2077,2443
G19_025782_2218_XN_41N011W,474547,14163,16581,-4401,-3814
G19_025795_2220_XN_42N005W,174916,14753,16161,-2424,-1962
G20_025874_2196_XN_39N003W,64779,14432,14715,-1277,-992
G20_025874_2242_XN_44N003W,108973,16035,16472,-1433,-1154
G20_025940_2196_XN_39N004W,199359,14160,15005,-1705,-1344
G20_025940_2304_XN_50N006W,572573,17620,19549,-2535,-1882
G20_025953_2199_XN_39N359W,303384,13790,15604,70,513
G20_025966_2256_XI_45N355W,406142,16031,17556,1583,2105
G20_026006_2219_XN_41N006W,349146,14727,16135,-2606,-2141
G20_026019_2228_XN_42N001W,287861,15180,16324,-759,-329
G20_026032_2263_XN_46N357W,287288,16521,17589,887,1334
G20_026045_2161_XN_36N350W,111092,12777,13762,3520,3770
G20_026072_2119_XN_31N006W,233387,11164,12276,-2714,-2373
G20_026164_2234_XN_43N359W,225544,15517,16397,-8,375
G21_026243_2201_XN_40N356W,64308,14612,14892,1366,1643
G21_026335_2128_XN_32N350W,82322,11895,12226,3515,3832
G21_026362_2281_XI_48N004W,239973,17335,18099,-1708,-1299
G21_026375_2230_XN_43N000W,249636,15340,16335,-495,-89
G21_026388_2133_XN_33N353W,266450,11644,12867,2219,2582
G21_026520_2138_XN_33N357W,53595,12167,12663,710,884
G21_026533_2220_XN_42N354W,83514,15129,15812,1983,2211
G21_026560_2217_XN_41N011W,455925,14157,16575,-4413,-3852
G21_026573_2157_XN_35N005W,128597,12781,13510,-2041,-1763
G21_026573_2275_XN_47N007W,349204,16800,18204,-2850,-2362
G21_026586_2119_XN_31N359W,95278,11453,12031,16,259
G22_026665_2229_XN_42N358W,105312,15575,16006,606,921
G22_026678_2284_XN_48N353W,310241,17292,18398,2053,2527
G22_026718_2186_XN_38N004W,147825,13388,14980,-1777,-1356
G22_026771_2213_XI_41N009W,511355,14249,16180,-3868,-3353
G22_026836_2261_XI_46N345W,270042,16456,17451,5046,5466
G22_026929_2145_XN_34N003W,113682,12211,13185,-1529,-1278
G22_026995_2155_XN_35N005W,45240,12924,13165,-2251,-2023
G23_027021_2226_XN_42N356W,45838,15536,15846,1139,1335
G23_027061_2127_XN_32N007W,253959,11157,12862,-2914,-2517
G23_027087_2234_XN_43N358W,222402,15539,16421,358,749
G23_027100_2228_XN_42N353W,195113,15105,16391,2280,2634
G23_027113_2170_XN_37N348W,133695,13243,13972,4282,4583
G23_027140_2275_XN_47N006W,418980,16724,18243,-2503,-1967
G23_027153_2179_XN_37N359W,204561,13396,14500,83,427
G23_027271_2293_XN_49N342W,260461,17699,18618,6250,6698
G23_027272_2152_XN_35N007W,58734,12826,13107,-2916,-2661
G23_027351_2202_XN_40N005W,32209,14656,14938,-2116,-1836
J01_045034_2160_XN_36N356W,59583,13091,13373,1116,1375
J01_045060_2177_XI_37N349W,596845,12884,14833,3502,4166
J01_045113_2257_XI_45N355W,410686,16030,17557,1572,2110
J01_045126_2244_XI_44N345W,338577,15797,16899,5040,5465
J01_045139_2268_XI_46N346W,598842,16247,18186,4584,5306
J01_045166_2154_XN_35N359W,58954,12874,13154,264,519
J01_045205_2297_XI_49N349W,659041,17352,19292,3595,4391
J01_045245_2135_XN_33N355W,39363,12178,12488,1615,1783
J01_045258_2194_XI_39N352W,386310,13746,15272,2434,2944
J01_045285_2149_XN_34N007W,58641,12709,12989,-2727,-2474
J01_045298_2193_XI_39N003W,164452,14131,14827,-1518,-1174
J01_045324_2181_XN_38N356W,133490,13786,14234,1251,1648
J01_045351_2223_XI_42N010W,483436,14632,16537,-4294,-3716
J01_045364_2156_XI_35N006W,394690,12382,13765,-2833,-2299
J02_045377_2172_XN_37N358W,95835,13473,13903,444,727
J02_045390_2214_XI_41N353W,407401,14407,16038,2169,2640
J02_045403_2180_XI_38N350W,504993,13009,14950,3099,3689
J02_045416_2248_XI_44N348W,694278,15509,17456,3786,4588
J02_045417_2191_XN_39N011W,62623,14251,14532,-4218,-3947
J02_045443_2161_XN_36N359W,199227,12822,13703,34,373
J02_045456_2195_XI_39N352W,593387,13604,15457,2627,3128
J02_045522_2173_XN_37N358W,428923,12777,14601,290,814
J02_045535_2217_XI_41N354W,356375,14613,16023,1888,2382
J02_045588_2173_XN_37N358W,441016,12777,14634,304,784
J02_045627_2256_XI_45N349W,654894,15829,17734,3490,4274
J02_045628_2124_XN_32N011W,78516,11517,12314,-4210,-4003
J02_045641_2197_XI_39N010W,567666,13647,15590,-4020,-3355
J02_045707_2261_XN_46N010W,91470,16793,17256,-3943,-3667
J02_045733_2212_XN_41N359W,60955,14967,15473,112,430
J03_045773_2266_XN_46N011W,134714,16897,17402,-4484,-4135
J03_045799_2204_XN_40N002W,84189,14698,15056,-877,-578
J03_045865_2199_XN_39N003W,127381,14401,14945,-1288,-971
J03_045878_2226_XI_42N355W,608600,14688,16616,1543,2042
J03_045891_2151_XI_35N353W,442681,11944,13883,2242,2763
J03_045918_2153_XI_35N008W,435087,12007,13943,-3510,-3026
J03_045944_2168_XN_36N000W,448389,12582,14519,-352,177
J03_045997_2221_XN_42N007W,148178,15060,15935,-2852,-2549
J03_046010_2149_XN_34N358W,364329,12190,13523,386,790
J03_046036_2157_XN_35N351W,434362,12174,14111,2818,3332
J03_046063_2204_XN_40N008W,475494,13914,15848,-3300,-2788
J03_046076_2151_XI_35N006W,557263,11925,13869,-2674,-2007
J03_046102_2206_XI_40N353W,256768,14404,15474,2137,2534
J03_046115_2227_XN_42N349W,180506,15349,16081,3878,4238
J03_046142_2165_XN_36N004W,442960,12471,14404,-2016,-1496
J04_046168_2212_XI_41N354W,508061,14166,16098,1899,2401
J04_046181_2157_XN_35N351W,465425,12169,14110,2800,3361
J04_046221_2168_XN_36N000W,244892,12582,14516,-341,140
J04_046247_2158_XN_35N351W,435895,12193,14128,2916,3405
J04_046273_2237_XN_43N342W,505288,15125,17056,6362,6907
J04_046313_2189_XN_38N355W,432708,13409,15232,1600,2128
J04_046353_2205_XN_40N008W,496121,13927,15862,-3317,-2697
J04_046366_2233_XN_43N003W,506928,14962,16898,-1423,-840
J04_046419_2153_XI_35N008W,446024,12009,13947,-3528,-2990
J04_046445_2120_XN_32N357W,219388,11075,12442,895,1242
J04_046458_2157_XN_35N351W,443761,12170,14104,2835,3319
J04_046498_2236_XN_43N006W,507063,15085,17018,-2801,-2186
J04_046511_2159_XN_35N359W,162239,12817,13549,145,467
J04_046524_2201_XN_40N355W,473928,13789,15724,1246,1804
J04_046537_2219_XI_41N351W,492819,14432,16367,2921,3508
J05_046550_2228_XI_42N346W,499343,14806,16742,4751,5338
J05_046590_2160_XN_36N356W,59815,13090,13372,1115,1376
J05_046630_2274_XN_47N010W,73455,17330,17613,-4065,-3744
J05_046643_2165_XN_36N004W,233315,12456,14397,-1982,-1456
J05_046656_2186_XN_38N358W,266781,13626,14771,342,743
J05_046709_2293_XN_49N007W,522290,16756,19578,-2978,-2287
J05_046788_2231_XN_43N006W,324223,14886,16824,-2818,-2011
J05_046867_2211_XN_41N359W,157304,14783,15440,60,402
J05_046893_2156_XN_35N348W,101120,12833,13302,4190,4474
J05_046906_2268_XI_46N346W,421679,16457,17984,4922,5488
J05_046907_2223_XI_42N010W,481671,14621,16526,-4264,-3737
J06_046985_2245_XN_44N341W,34564,16230,16512,6674,6974
J06_047025_2128_XN_32N351W,97690,11845,12314,2901,3174
J06_047091_2154_XN_35N355W,379213,12197,13871,1533,2022
J06_047131_2124_XN_32N006W,235931,11360,12471,-2565,-2200
J06_047144_2233_XN_43N002W,375308,14956,16920,-1277,-769
J06_047197_2140_XN_34N008W,58244,12366,12648,-3359,-3105
J06_047223_2200_XN_40N359W,91042,14516,14910,192,486
J06_047236_2156_XN_35N353W,110051,12825,13332,2334,2624
J06_047275_2252_XN_45N340W,170599,16296,16953,7192,7566
J06_047289_2156_XN_35N001W,309734,12413,13785,-594,-158
J06_047315_2187_XN_38N350W,47226,14107,14382,3513,3726
J07_047381_2208_XN_40N352W,48685,14879,15155,2545,2765
J07_047434_2181_XN_38N359W,59835,13829,14180,112,334
J07_047500_2166_XN_36N001W,60252,13325,13607,-646,-384
J09_048146_2153_XN_35N000W,59144,12807,13089,-127,131
J09_048159_2187_XN_38N355W,62099,14052,14333,1668,1937
J09_048212_2138_XN_33N002W,116025,12150,12695,-920,-629
J09_048291_2167_XN_36N359W,77581,13336,13692,42,315
J09_048370_2162_XN_36N358W,475027,12419,14247,113,693
J10_048594_2197_XN_39N353W,47772,14468,14744,2322,2539
J10_048792_2167_XN_36N359W,78556,13341,13699,-27,252
J10_048845_2182_XN_38N005W,31971,13959,14159,-2278,-2086
J11_048924_2150_XN_35N003W,94951,12659,13093,-1515,-1227
J11_048950_2149_XN_34N352W,79058,12577,13115,2580,2802
J11_049122_2209_XN_40N009W,34807,14964,15165,-3550,-3341
J11_049148_2157_XN_35N358W,110079,12869,13376,474,764
J11_049293_2137_XN_33N356W,90652,12192,12624,1200,1471
J12_049306_2158_XN_35N352W,120198,12895,13441,2656,2961
J12_049544_2203_XN_40N010W,65313,14690,14974,-3993,-3707
J13_049860_2164_XN_36N352W,266756,12875,13906,2589,2968
J13_049887_2203_XN_40N010W,70368,14705,14984,-3991,-3695
J14_050137_2188_XN_38N357W,115836,14025,14531,699,1001
J14_050176_2232_XN_43N344W,423934,15078,16712,5397,5956
J14_050216_2161_XN_36N354W,109860,12858,13695,1800,2050
J14_050308_2227_XN_42N347W,33315,15559,15840,4370,4658
J14_050414_2200_XN_40N002W,244438,14211,15208,-1136,-728
J14_050427_2196_XN_39N353W,229306,14139,14943,2207,2577
J15_050480_2202_XI_40N004W,147688,14482,15102,-1682,-1345
J15_050519_2214_XN_41N348W,168758,14885,15578,4277,4621
J15_050585_2227_XN_42N347W,80624,15561,15839,4352,4684
J15_050625_2152_XN_35N002W,229801,12414,13448,-1019,-644
J15_050743_2214_XN_41N348W,232170,14856,15602,4221,4695
J15_050757_2208_XN_40N006W,76817,14843,15198,-2588,-2314
J15_050796_2171_XN_37N351W,443554,12672,14607,2996,3523
J15_050836_2207_XN_40N003W,331882,14280,15650,-1513,-1065
J16_050862_2196_XI_39N355W,514294,13606,15546,1437,2050
J16_050875_2214_XN_41N348W,167693,14887,15581,4277,4621
J16_050889_2223_XN_42N010W,475559,14632,16535,-4274,-3727
J16_050915_2157_XN_35N002W,415609,12379,13911,-1123,-585
J16_050981_2219_XN_41N005W,79159,15257,15550,-2152,-1807
J16_051060_2158_XN_35N359W,151275,12767,13572,173,481
J16_051086_2169_XN_36N351W,486336,12670,14460,2990,3617
J16_051099_2232_XN_43N344W,318853,15056,16758,5525,5986
J16_051100_2141_XN_34N010W,209657,12066,13026,-4188,-3833
J16_051126_2156_XN_35N358W,184076,12696,13464,361,690
J16_051192_2197_XI_39N003W,202530,14190,15037,-1520,-1149
J17_051310_2260_XI_46N345W,265830,16439,17437,5040,5482
J17_051324_2208_XN_40N007W,40912,14818,15163,-2652,-2482
J18_051759_2206_XN_40N005W,449297,14142,15744,-2186,-1585
J18_051943_2271_XN_47N347W,72487,17209,17491,4638,4954
J19_052088_2271_XN_47N347W,76749,17206,17493,4625,4963
J19_052115_2173_XN_37N001W,60996,13581,13862,-507,-242
J19_052221_2147_XN_34N012W,62708,12496,13002,-4685,-4378
J19_052273_2187_XI_38N354W,465085,13250,15183,2001,2499
J19_052339_2276_XN_47N357W,39867,17431,17631,665,903
J20_052418_2249_XI_44N354W,259488,16019,17016,1683,2103
J20_052523_2243_XN_44N341W,52274,16186,16461,6844,7078
J20_052550_2233_XI_43N359W,234203,15485,16406,-22,386
J20_052589_2280_XN_48N344W,42577,17543,17851,5681,5873
J20_052642_2151_XN_35N350W,86121,12706,13102,3385,3666
J20_052761_2168_XN_36N359W,39159,13403,13642,158,361
J21_052814_2224_XI_42N010W,649589,14634,16581,-4315,-3569
J21_052906_2233_XI_43N359W,117318,15491,16399,237,508
J21_052946_2164_XI_36N010W,378559,12565,14238,-3961,-3497
J21_052972_2262_XI_46N001W,442887,15928,18078,-632,-86
J21_052998_2173_XI_37N349W,418494,12830,14613,3828,4298
J21_053091_2212_XN_41N009W,65038,15017,15299,-3790,-3507
J21_053104_2193_XI_39N003W,163975,14123,14816,-1543,-1210
J21_053130_2137_XI_33N352W,243952,11833,12903,2750,3107
J22_053209_2148_XN_34N350W,37895,12698,12936,3514,3709
J22_053236_2191_XN_39N008W,22568,14283,14478,-3173,-3029
J22_053275_2120_XI_32N349W,92455,11568,11924,3833,4138
J22_053302_2193_XI_39N011W,155989,14130,14789,-4326,-3984
J22_053499_2170_XI_37N348W,173989,13207,13976,4266,4596
K01_053605_2186_XI_38N002W,35863,14028,14346,-1007,-732
K01_053658_2213_XN_41N010W,65188,15042,15323,-3822,-3540
K01_053671_2266_XN_46N006W,96516,16795,17515,-2454,-2198
K01_053697_2201_XI_40N356W,74894,14584,14905,1357,1651
K01_053723_2261_XI_46N345W,265406,16453,17452,5040,5475
K01_053737_2246_XI_44N005W,207592,16075,16803,-2222,-1845
K01_053763_2156_XN_35N356W,29638,12959,13229,1401,1547
K01_053763_2246_XN_44N357W,24905,16311,16506,790,950
K01_053803_2165_XI_36N010W,411365,12566,14244,-3987,-3466
K01_053816_2154_XN_35N002W,16083,12912,13112,-1083,-892
K01_053869_2266_XN_46N011W,35995,17053,17253,-4467,-4248
K01_053961_2233_XN_43N003W,493016,14958,16890,-1422,-861
K01_053974_2284_XN_48N358W,78614,17310,18330,318,644
K02_053987_2264_XI_46N354W,82931,16918,17239,1979,2304
K02_054000_2257_XN_45N347W,91528,16638,16993,4465,4783
K02_054014_2140_XI_34N011W,220450,11940,13051,-4364,-3979
K02_054080_2158_XI_35N010W,59679,13001,13282,-3965,-3707
K02_054159_2164_XI_36N007W,68599,13228,13547,-3023,-2757
K03_054449_2299_XN_49N007W,350332,17260,19480,-2908,-2349
K03_054514_2235_XN_43N340W,492930,15037,16969,6890,7454
K03_054541_2273_XN_47N358W,40861,17284,17555,572,768
K03_054620_2250_XN_45N354W,256441,15998,17176,1721,2131
K03_054633_2211_XN_41N349W,136700,14773,15463,3903,4206
K03_054659_2256_XN_45N339W,483802,15868,17687,7294,7863
K03_054660_2181_XN_38N005W,441260,13054,14952,-2336,-1826
K03_054673_2205_XN_40N000W,202136,14479,15323,-509,-143
K03_054686_2237_XN_43N356W,262840,15581,16613,1152,1570
K03_054699_2219_XN_41N351W,296389,14397,16434,3065,3533
K03_054725_2281_XN_48N341W,243752,17267,18148,6535,6965
K04_054752_2182_XN_38N357W,61584,13920,14201,882,1150
K04_054765_2209_XN_40N352W,64468,14914,15195,2607,2887
K04_054831_2171_XN_37N353W,69051,13494,13813,2162,2430
K04_054870_2270_XN_47N340W,72311,17158,17439,7231,7546
K04_054871_2244_XN_44N006W,68822,16206,16487,-2701,-2402
K04_054910_2218_XN_41N351W,299192,14389,16426,2966,3435
K04_054923_2229_XN_42N346W,243535,14784,16790,4796,5357
K04_054924_2132_XN_33N012W,147336,11852,12548,-4634,-4327
K04_054950_2213_XN_41N003W,112430,14908,15522,-1271,-996
K04_054963_2209_XN_40N358W,277050,14479,15624,565,980
K04_054976_2210_XN_41N352W,64474,14931,15212,2517,2797
K04_054989_2269_XN_46N348W,134172,17021,17527,4009,4363
K04_055003_2231_XN_43N010W,50647,15729,16005,-3901,-3671
K04_055016_2123_XN_32N003W,177449,11449,12295,-1456,-1132
K04_055029_2115_XN_31N358W,287863,10883,12256,438,832
K04_055042_2186_XN_38N354W,61876,14055,14336,2009,2278
K04_055068_2264_XN_46N345W,348925,16441,17742,5218,5702
K04_055069_2208_XN_40N011W,64388,14876,15157,-4442,-4163
K04_055095_2156_XN_35N000W,305208,12424,13796,-434,-18
K04_055121_2218_XN_41N351W,249702,14381,16416,2914,3360
K05_055214_2153_XI_35N009W,430048,12002,13939,-3563,-3071
K05_055227_2175_XN_37N004W,445373,12831,14767,-1862,-1351
K05_055253_2256_XN_45N355W,242312,15998,17583,1556,1966
K05_055266_2219_XN_41N349W,320030,14793,16088,3749,4186
K05_055280_2134_XN_33N010W,418892,11305,13243,-4162,-3678
K05_055306_2200_XN_40N001W,196026,14267,15148,-659,-306
K05_055332_2130_XI_33N350W,105769,11797,12451,3320,3575
K05_055411_2216_XN_41N349W,331728,14653,15954,3764,4224
K05_055438_2243_XN_44N005W,69189,16169,16452,-2304,-2002
K05_055451_2172_XN_37N358W,78733,13516,13871,419,693
K05_055464_2168_XN_36N353W,331203,12807,14252,2286,2711
K05_055477_2183_XI_38N348W,186205,13273,14869,3970,4428
K05_055517_2171_XN_37N001W,39365,13530,13769,-453,-250
K06_055543_2212_XN_41N350W,288075,14584,15766,3205,3623
K08_056559_2139_XN_33N001W,218444,11971,12966,-787,-393
K11_057786_2188_XN_38N011W,33514,14189,14390,-4183,-3982
P01_001334_2213_XI_41N348W,148854,14870,15491,4298,4638
P01_001414_2164_XI_36N008W,59661,13256,13537,-3411,-3153
P01_001440_2174_XI_37N358W,103735,13509,13978,403,694
P01_001466_2215_XI_41N348W,147957,14868,15487,4306,4636
P02_001810_2175_XI_37N012W,61056,13662,13943,-4592,-4327
P02_001928_2264_XI_46N354W,72625,16944,17224,1988,2300
P02_001968_2164_XI_36N008W,79204,13229,13524,-3456,-3111
P02_001994_2143_XI_34N355W,83678,12422,12817,1470,1742
P03_002100_2223_XN_42N010W,284105,14994,16139,-4018,-3593
P03_002139_2209_XN_40N354W,212239,14604,15486,1732,2106
P03_002166_2204_XN_40N011W,128122,14577,15121,-4550,-4231
P03_002271_2135_XN_33N357W,65686,12169,12488,813,1068
P03_002284_2181_XN_38N353W,96679,13790,14222,2428,2717
P04_002508_2218_XI_41N348W,291016,14797,15979,3986,4408
P04_002587_2231_XN_43N346W,373571,15126,16609,4911,5397
P04_002719_2143_XN_34N348W,99173,12363,12833,4093,4371
P04_002746_2208_XI_40N006W,64443,14879,15161,-2638,-2358
P05_003089_2211_XN_41N011W,473995,14168,16102,-4343,-3801
P06_003234_2212_XN_41N009W,129934,14881,15425,-3675,-3352
P06_003247_2161_XN_36N003W,76784,13093,13449,-1468,-1198
P06_003445_2163_XI_36N009W,258320,12764,13914,-3673,-3304
P13_005950_2100_XN_30N357W,402960,10047,11984,595,1062
P13_006135_2174_XN_37N010W,446636,12794,14729,-3997,-3484
P13_006174_2196_XN_39N355W,461705,13610,15544,1480,2009
P13_006201_2100_XN_30N011W,401928,10071,12010,-4342,-3874
P13_006253_2192_XN_39N352W,367089,13652,15211,2652,3120
P13_006279_2234_XN_43N342W,385038,15205,16726,6144,6640
P14_006464_2163_XI_36N352W,29869,13195,13476,2578,2836
P14_006464_2214_XN_41N353W,204284,14828,15673,2228,2599
P14_006477_2172_XN_37N347W,129322,13383,13965,4370,4677
P14_006570_2241_XN_44N008W,244600,15754,16711,-3220,-2811
P14_006622_2219_XI_41N348W,94237,15200,15595,4272,4578
P14_006635_2267_XN_46N343W,154897,16624,17768,5922,6387
P14_006636_2258_XI_45N011W,71217,16716,16999,-4224,-3913
P14_006649_2232_XI_43N005W,116103,15664,16134,-2134,-1808
P14_006688_2144_XI_34N347W,298413,11991,13324,4350,4748
P14_006701_2263_XI_46N344W,308705,16467,17609,5383,5835
P14_006702_2217_XN_41N011W,187970,14948,15717,-4589,-4226
P15_006714_2256_XI_45N340W,303512,16210,17354,7051,7509
P15_006728_2144_XN_34N000W,292838,11995,13329,-462,-57
P15_006754_2196_XI_39N351W,363502,13804,15328,2855,3295
P15_006794_2200_XN_40N003W,229945,14234,15190,-1339,-962
P15_006807_2187_XN_38N358W,332303,13544,14950,531,967
P15_006820_2256_XN_45N353W,255169,16341,17296,2053,2469
P15_006833_2144_XN_34N347W,267281,12040,13261,4389,4778
P15_006847_2266_XN_46N011W,51837,16978,17372,-4525,-4191
P15_006925_2229_XN_42N340W,488814,14807,16738,6816,7376
P15_006952_2201_XN_40N357W,421018,13882,15627,641,1145
P15_006965_2224_XN_42N352W,304120,14976,16195,2410,2849
P15_006992_2194_XN_39N009W,297791,13848,15106,-3768,-3344
P15_007005_2216_XN_41N005W,187589,14928,15697,-1986,-1624
P15_007018_2264_XN_46N000W,380018,16364,17770,-482,24
P15_007031_2222_XN_42N355W,142112,15204,15786,1603,1940
P15_007044_2222_XN_42N349W,380009,14783,16302,3716,4191
P15_007058_2266_XI_46N011W,114896,16946,17376,-4551,-4215
P16_007123_2241_XN_44N347W,360468,15530,16937,4537,5023
P16_007163_2264_XN_46N359W,205715,16344,17864,-122,402
P16_007176_2208_XN_40N353W,413587,14168,15877,2095,2598
P16_007203_2222_XN_42N011W,245384,15034,16030,-4325,-3924
P16_007215_2254_XN_45N339W,511626,15727,17660,7260,7854
P16_007216_2248_XN_44N006W,198011,16093,16863,-2606,-2224
P16_007229_2192_XN_39N000W,457510,13442,15377,-498,26
P16_007242_2159_XN_35N355W,433373,12219,14160,1486,1950
P16_007255_2202_XN_40N350W,463895,13825,15760,3138,3672
P16_007348_2224_XI_42N010W,484379,14642,16577,-4261,-3707
P16_007374_2183_XI_38N000W,457061,13088,15024,-487,57
P16_007387_2290_XN_49N356W,314405,17498,18604,968,1449
P16_007400_2202_XN_40N350W,465063,13833,15767,3338,3872
P16_007414_2191_XN_39N012W,126033,13872,14932,-4654,-4381
P16_007426_2266_XN_46N341W,525124,16184,18115,6636,7238
P16_007427_2204_XN_40N007W,468249,13897,15831,-3059,-2523
P17_007492_2261_XN_46N344W,469389,16109,17817,5466,6063
P17_007493_2263_XN_46N010W,348948,16409,17703,-4218,-3731
P17_007506_2206_XN_40N005W,389211,14126,15721,-2146,-1645
P17_007519_2147_XN_34N359W,436900,11778,13713,-136,400
P17_007532_2184_XN_38N354W,133445,13570,14716,1862,2262
P17_007572_2190_XN_39N006W,188936,13960,14767,-2674,-2321
P17_007585_2149_XN_34N001W,371069,11990,13662,-642,-185
P17_007611_2238_XN_43N352W,499185,15148,17079,2496,3065
P17_007638_2193_XN_39N008W,462298,13518,15451,-3539,-3011
P17_007651_2126_XN_32N003W,416444,11008,12944,-1354,-872
P17_007664_2157_XN_35N359W,140573,12817,13438,67,389
P17_007677_2287_XN_48N355W,345857,17323,18541,1402,1901
P17_007690_2141_XN_34N348W,424510,11580,13514,4158,4658
P17_007704_2223_XI_42N011W,485643,14590,16522,-4588,-4026
P17_007717_2189_XN_38N006W,215581,13859,14779,-2457,-2087
P17_007730_2176_XI_37N001W,265491,13245,14394,-694,-326
P17_007743_2169_XN_36N355W,60572,13432,13713,1477,1740
P17_007756_2202_XI_40N351W,466304,13799,15731,2964,3503
P17_007783_2217_XN_41N008W,480090,14387,16320,-3534,-2986
P17_007796_2200_XN_40N003W,114514,14234,15190,-1403,-1015
P17_007809_2169_XN_36N358W,443327,12599,14535,387,888
P17_007822_2126_XN_32N352W,301028,11276,12686,2613,3020
P17_007835_2249_XN_44N349W,308291,15933,17115,3754,4208
P17_007849_2255_XN_45N011W,120742,16520,16989,-4469,-4131
P18_007888_2206_XN_40N355W,254546,14099,15762,1317,1727
P18_007901_2250_XN_45N351W,447986,15701,17408,2886,3429
P18_007914_2270_XN_47N346W,414043,16545,18066,4624,5134
P18_007915_2150_XN_35N012W,429003,11885,13821,-4796,-4285
P18_007941_2200_XN_40N002W,57454,14249,15196,-1126,-866
P18_007954_2150_XN_35N357W,313763,12164,13581,682,1057
P18_008046_2253_XN_45N350W,509696,15700,17633,3084,3668
P18_008112_2251_XI_45N352W,502714,15647,17526,2652,3200
P18_008231_2166_XI_36N001W,94779,13219,13651,-609,-324
P19_008349_2220_XN_42N344W,463252,14378,16532,5538,6094
P19_008429_2226_XN_42N009W,319071,15027,16289,-3750,-3327
P19_008508_2245_XN_44N007W,303153,15801,16946,-3026,-2555
P19_008560_2245_XN_44N346W,199137,15851,16949,4775,5141
P19_008573_2263_XI_46N342W,389951,16336,17779,6387,6901
P19_008600_2212_XI_41N358W,107447,14712,15594,361,739
P19_008640_2163_XI_36N010W,111696,13104,13611,-3892,-3598
P19_008653_2185_XI_38N005W,320139,13458,14829,-2227,-1792
P20_008719_2181_XN_38N007W,450352,13063,14999,-3125,-2608
P20_008745_2214_XN_41N358W,89355,14903,15624,567,799
P20_008758_2277_XN_47N354W,210185,17183,17952,1897,2303
P20_008798_2174_XN_37N005W,95904,13328,14174,-2008,-1660
P20_008851_2163_XN_36N012W,103310,12957,13719,-4570,-4329
P20_008863_2272_XN_47N341W,194593,16659,18092,6555,6944
P20_008864_2167_XN_36N007W,124924,13061,13974,-2751,-2486
P20_008903_2193_XN_39N352W,246907,13756,15160,2506,2893
P20_008916_2249_XN_44N348W,507838,15585,17516,4091,4675
P20_008943_2175_XI_37N004W,200464,13332,14215,-1815,-1462
P20_008956_2197_XN_39N000W,461754,13642,15577,-263,266
P20_008969_2184_XN_38N354W,106538,13560,14693,1800,2060
P20_009022_2200_XN_40N002W,114460,14258,15215,-956,-574
P20_009035_2240_XI_44N357W,107653,15982,16413,737,1059
P21_009088_2173_XI_37N004W,200777,13301,14149,-1970,-1595
P21_009101_2208_XN_40N359W,268526,14472,15579,143,553
P21_009141_2166_XN_36N010W,164080,13090,13823,-4052,-3723
P21_009154_2175_XN_37N005W,98385,13442,14165,-2220,-1979
P21_009167_2201_XI_40N001W,231056,14268,15226,-722,-332
P21_009246_2240_XI_44N358W,118019,15957,16425,572,899
P21_009272_2280_XN_48N348W,148802,17426,17970,3923,4294
P21_009312_2208_XN_40N359W,277925,14439,15583,-113,303
P21_009325_2160_XN_36N354W,187729,12809,13654,2066,2408
P21_009338_2253_XN_45N350W,512276,15704,17635,3276,3861
P21_009365_2169_XN_36N006W,208193,13108,14028,-2451,-2093
P21_009391_2238_XI_43N357W,146298,15834,16415,931,1277
P21_009431_2171_XN_37N008W,369979,12821,14449,-3228,-2764
P22_009483_2274_XN_47N349W,271148,16949,17943,3683,4126
P22_009497_2213_XI_41N009W,118297,14938,15405,-3488,-3172
P22_009523_2165_XN_36N001W,73143,13266,13589,-609,-322
P22_009549_2289_XN_48N351W,123904,17562,18444,2881,3320
P22_009602_2210_XN_41N357W,183595,14578,15642,867,1200
P22_009642_2216_XN_41N009W,177416,14984,15716,-3611,-3257
P22_009681_2243_XI_44N355W,297077,15731,16878,1524,1976
P22_009694_2267_XN_46N350W,524477,16241,18174,3412,4013
P22_009747_2239_XN_43N356W,233675,15695,16615,1122,1523
P22_009760_2250_XI_45N352W,478877,15636,17458,2711,3269
P22_009787_2277_XN_47N009W,420949,16817,18336,-3649,-3109
P22_009826_2221_XN_42N355W,159916,15201,15791,1575,1959
T01_000807_2205_XN_40N010W,73088,14730,15049,-3887,-3604
